videoId,title,thumbnail,relevant,theme
_uQrJ0TkZlc,Python Full Course for Beginners,https://i.ytimg.com/vi/_uQrJ0TkZlc/hqdefault.jpg,1,Python
kqtD5dpn9C8,Python for Beginners - Learn Coding with Python in 1 Hour,https://i.ytimg.com/vi/kqtD5dpn9C8/hqdefault.jpg,1,Python
nluUYtejoIE,Python Basics: Your FIRST Program in Under a Minute! 🚀,https://i.ytimg.com/vi/nluUYtejoIE/hqdefault.jpg,1,Python
b093aqAZiPU,👩‍💻 Python for Beginners Tutorial,https://i.ytimg.com/vi/b093aqAZiPU/hqdefault.jpg,1,Python
K5KVEU3aaeQ,Python Full Course for Beginners,https://i.ytimg.com/vi/K5KVEU3aaeQ/hqdefault.jpg,1,Python
t8pPdKYpowI,Python Tutorial for Beginners - Learn Python in 5 Hours [FULL COURSE],https://i.ytimg.com/vi/t8pPdKYpowI/hqdefault.jpg,1,Python
ix9cRaBkVe0,Python Full Course for free 🐍,https://i.ytimg.com/vi/ix9cRaBkVe0/hqdefault.jpg,1,Python
fWjsdhR3z3c,Learn Python in Less than 10 Minutes for Beginners (Fast &amp; Easy),https://i.ytimg.com/vi/fWjsdhR3z3c/hqdefault.jpg,1,Python
rfscVS0vtbw,Learn Python - Full Course for Beginners [Tutorial],https://i.ytimg.com/vi/rfscVS0vtbw/hqdefault.jpg,1,Python
Ro_MScTDfU4,Learn Python in Only 30 Minutes (Beginner Tutorial),https://i.ytimg.com/vi/Ro_MScTDfU4/hqdefault.jpg,1,Python
Z1Yd7upQsXY,Python Tutorial for Absolute Beginners #1 - What Are Variables?,https://i.ytimg.com/vi/Z1Yd7upQsXY/hqdefault.jpg,1,Python
mRMmlo_Uqcs,you need to learn Python RIGHT NOW!! // EP 1,https://i.ytimg.com/vi/mRMmlo_Uqcs/hqdefault.jpg,1,Python
eWRfhZUzrAc,Python for Beginners – Full Course [Programming Tutorial],https://i.ytimg.com/vi/eWRfhZUzrAc/hqdefault.jpg,1,Python
fSgNjOvXTCs,PyTorch vs. TensorFlow,https://i.ytimg.com/vi/fSgNjOvXTCs/hqdefault.jpg,1,Python
VUoM7p_Fb1k,BEST Python Libraries when getting started in Machine Learning!,https://i.ytimg.com/vi/VUoM7p_Fb1k/hqdefault.jpg,1,Python
aegyF26ppP4,How to learn Python fast for data analysis? #dataanalyst #python #pandas #numpy #matplotlib,https://i.ytimg.com/vi/aegyF26ppP4/hqdefault.jpg,0,Python
9crcSlhReas,Python Bytes - Linear Regression Prediction #python #datascience #coding Code in Description,https://i.ytimg.com/vi/9crcSlhReas/hqdefault.jpg,0,Python
MZsUalDCQpw,Dictionary Views are Awesome in Python,https://i.ytimg.com/vi/MZsUalDCQpw/hqdefault.jpg,1,Python
VlofYskOTfE,3 Python MISTAKES You Should Avoid!! #python #programming #coding,https://i.ytimg.com/vi/VlofYskOTfE/hqdefault.jpg,0,Python
mx3g7XoPVNQ,A bad day to use python,https://i.ytimg.com/vi/mx3g7XoPVNQ/hqdefault.jpg,1,Python
t8k9SFIod0Q,Taking My 20 Foot Python To The Park,https://i.ytimg.com/vi/t8k9SFIod0Q/hqdefault.jpg,0,Python
J9kP7bjwERk,-Beginner’s Roadmap to Learn Python | 2025 Starter Guide #shorts #python #pythonprogramming,https://i.ytimg.com/vi/J9kP7bjwERk/hqdefault.jpg,1,Python
Ht_LdGroNZE,LEVEL UP Your Python Game!! #python #coding #programming,https://i.ytimg.com/vi/Ht_LdGroNZE/hqdefault.jpg,1,Python
jo6U429l3JM,1 TRILLION messages #javascript #python #web #coding #programming,https://i.ytimg.com/vi/jo6U429l3JM/hqdefault.jpg,0,Python
St9pE2bv0zQ,A funny visualization of C++ vs Python | Funny Shorts | Meme,https://i.ytimg.com/vi/St9pE2bv0zQ/hqdefault.jpg,1,Python
3sim8jgkpTU,Functions in Python Explained!,https://i.ytimg.com/vi/3sim8jgkpTU/hqdefault.jpg,1,Python
ss-I6WAiMFA,Python LAMBDA FUNCTION?! #python #programming #coding,https://i.ytimg.com/vi/ss-I6WAiMFA/hqdefault.jpg,1,Python
Q-wtD36ur2s,How To Use LAMBDA FUNCTIONS!! #python #programming #coding,https://i.ytimg.com/vi/Q-wtD36ur2s/hqdefault.jpg,1,Python
QyJOfCSdXGM,Python Escape Ends In Tragedy 😨,https://i.ytimg.com/vi/QyJOfCSdXGM/hqdefault.jpg,0,Python
4d5C_PQl8Tg,GOT7 &#39;PYTHON&#39; MV,https://i.ytimg.com/vi/4d5C_PQl8Tg/hqdefault.jpg,0,Python
7eh4d6sabA0,Python Machine Learning Tutorial (Data Science),https://i.ytimg.com/vi/7eh4d6sabA0/hqdefault.jpg,1,Machine learning
PeMlggyqz0Y,Machine Learning Explained in 100 Seconds,https://i.ytimg.com/vi/PeMlggyqz0Y/hqdefault.jpg,1,Machine learning
oD8W_xFWo3A,The Python Needed for AI/ML (Complete Roadmap),https://i.ytimg.com/vi/oD8W_xFWo3A/hqdefault.jpg,1,Machine learning
n-8S90vzE5s,Top Python Libraries &amp; Frameworks You NEED to Know! 🐍,https://i.ytimg.com/vi/n-8S90vzE5s/hqdefault.jpg,0,Machine learning
8xUher8-5_Q,How I&#39;d Learn ML/AI FAST If I Had to Start Over,https://i.ytimg.com/vi/8xUher8-5_Q/hqdefault.jpg,1,Machine learning
qNxrPri1V0I,Learn Machine Learning Like a GENIUS and Not Waste Time,https://i.ytimg.com/vi/qNxrPri1V0I/hqdefault.jpg,1,Machine learning
0B5eIE_1vpU,Scikit-learn Crash Course - Machine Learning Library for Python,https://i.ytimg.com/vi/0B5eIE_1vpU/hqdefault.jpg,1,Machine learning
gmvvaobm7eQ,Machine Learning Tutorial Python -1: What is Machine Learning?,https://i.ytimg.com/vi/gmvvaobm7eQ/hqdefault.jpg,1,Machine learning
7IgVGSaQPaw,The Complete Machine Learning Roadmap,https://i.ytimg.com/vi/7IgVGSaQPaw/hqdefault.jpg,1,Machine learning
SW0YGA9d8y8,Python Machine Learning for Dummies: Scikit-Learn Tutorial for Beginners,https://i.ytimg.com/vi/SW0YGA9d8y8/hqdefault.jpg,1,Machine learning
su28s_4sNaM,Why bother learning Python for ML?,https://i.ytimg.com/vi/su28s_4sNaM/hqdefault.jpg,1,Machine learning
uWEIaF0PNGg,Python OPTIMIZATION Trick!!  #python #programming #coding,https://i.ytimg.com/vi/uWEIaF0PNGg/hqdefault.jpg,0,Machine learning
YhmtBmyQt18,Python Skills You NEED Before Machine Learning,https://i.ytimg.com/vi/YhmtBmyQt18/hqdefault.jpg,1,Machine learning
g6Cyw3prtHY,Building an ML Model in 60 seconds! 🤖💻 #programming #coding #machinelearning,https://i.ytimg.com/vi/g6Cyw3prtHY/hqdefault.jpg,1,Machine learning
sbmPMtQkjxY,Machine Learning Full Course #education #ai #ml #python #dataanalysis #datascience,https://i.ytimg.com/vi/sbmPMtQkjxY/hqdefault.jpg,1,Machine learning
29ZQ3TDGgRQ,Build your first machine learning model in Python,https://i.ytimg.com/vi/29ZQ3TDGgRQ/hqdefault.jpg,1,Machine learning
vdRp_w9f-qM,I can&#39;t STOP reading these Machine Learning Books!,https://i.ytimg.com/vi/vdRp_w9f-qM/hqdefault.jpg,1,Machine learning
ygXn5nV5qFc,Python for AI - Full Beginner Course,https://i.ytimg.com/vi/ygXn5nV5qFc/hqdefault.jpg,1,Machine learning
xS31Se82pQo,DEEP LEARNING ROADMAP 👨‍💻. #deeplearning  #machinelearning #python,https://i.ytimg.com/vi/xS31Se82pQo/hqdefault.jpg,1,Machine learning
fSgNjOvXTCs,PyTorch vs. TensorFlow,https://i.ytimg.com/vi/fSgNjOvXTCs/hqdefault.jpg,1,Machine learning
hDKCxebp88A,Machine Learning with Python and Scikit-Learn – Full Course,https://i.ytimg.com/vi/hDKCxebp88A/hqdefault.jpg,1,Machine learning
3QC3-rnlvxE,Machine Learning With Python Full Course 2026 | Python Machine Learning For Beginners | Simplilearn,https://i.ytimg.com/vi/3QC3-rnlvxE/hqdefault.jpg,1,Machine learning
jEJD8M6rNoo,Python for Machine Learning: Skills That Actually Get You Hired (Complete Roadmap!),https://i.ytimg.com/vi/jEJD8M6rNoo/hqdefault.jpg,1,Machine learning
2wTRQqoDM1A,Learn Machine Learning Like a GENIUS and Not Waste Time,https://i.ytimg.com/vi/2wTRQqoDM1A/hqdefault.jpg,1,Machine learning
E0Hmnixke2g,All Machine Learning algorithms explained in 17 min,https://i.ytimg.com/vi/E0Hmnixke2g/hqdefault.jpg,1,Machine learning
ukzFI9rgwfU,Machine Learning | What Is Machine Learning? | Introduction To Machine Learning | 2026 | Simplilearn,https://i.ytimg.com/vi/ukzFI9rgwfU/hqdefault.jpg,1,Machine learning
po5qTPKBrRc,PyTorch or Tensorflow? Which Should YOU Learn!,https://i.ytimg.com/vi/po5qTPKBrRc/hqdefault.jpg,1,Machine learning
AQJbHAeUhzM,How to MASTER Python for FREE,https://i.ytimg.com/vi/AQJbHAeUhzM/hqdefault.jpg,0,Machine learning
0oyDqO8PjIg,"AI Foundations Course – Python, Machine Learning, Deep Learning, Data Science",https://i.ytimg.com/vi/0oyDqO8PjIg/hqdefault.jpg,1,Machine learning
GXxjd1za6jk,Learning Machine Learning has never been easier #shorts #machinelearning #statistics #datascience,https://i.ytimg.com/vi/GXxjd1za6jk/hqdefault.jpg,1,Machine learning
ORMx45xqWkA,PyTorch in 100 Seconds,https://i.ytimg.com/vi/ORMx45xqWkA/hqdefault.jpg,1,Machine learning
Sl4zqWLC9Xw,Fastest way to learn Python #coding #python #programming,https://i.ytimg.com/vi/Sl4zqWLC9Xw/hqdefault.jpg,0,Machine learning
vNY-BET-0K0,Learn machine learning EASILY and FREE👩‍💻 #technology #programming #software #machinelearning,https://i.ytimg.com/vi/vNY-BET-0K0/hqdefault.jpg,1,Machine learning
VUoM7p_Fb1k,BEST Python Libraries when getting started in Machine Learning!,https://i.ytimg.com/vi/VUoM7p_Fb1k/hqdefault.jpg,1,Machine learning
FDyZ3TJKW-Y,Sentiment Analysis AI in 4sec Using Python || python programming #python,https://i.ytimg.com/vi/FDyZ3TJKW-Y/hqdefault.jpg,1,Machine learning
aegyF26ppP4,How to learn Python fast for data analysis? #dataanalyst #python #pandas #numpy #matplotlib,https://i.ytimg.com/vi/aegyF26ppP4/hqdefault.jpg,0,Machine learning
cAkMcPfY_Ns,I Built a Neural Network from Scratch,https://i.ytimg.com/vi/cAkMcPfY_Ns/hqdefault.jpg,1,Machine learning
h2KD4kiCRAc,Beginner Programming Project Tier List 👩‍💻 #software #programming #technology #code,https://i.ytimg.com/vi/h2KD4kiCRAc/hqdefault.jpg,0,Machine learning
4Dn1vqg4Kc0,Should you do dsa using python? 🤔 | DSA | Python | Machine Learning | GFG #geeksforgeeks,https://i.ytimg.com/vi/4Dn1vqg4Kc0/hqdefault.jpg,1,Machine learning
9v7b8gOIkjw,One Reason You May Struggle To Learn ML/AI,https://i.ytimg.com/vi/9v7b8gOIkjw/hqdefault.jpg,1,Machine learning
PopKlyqTPAI,AI vs ML vs DL vs DS: What&#39;s the Difference?,https://i.ytimg.com/vi/PopKlyqTPAI/hqdefault.jpg,1,Machine learning
VQbgP06ZuOo,Python Roadmap for beginner to advance 🔥🔥,https://i.ytimg.com/vi/VQbgP06ZuOo/hqdefault.jpg,0,Machine learning
ZR_qTzqIVvY,Learn Python FAST with AI (step by step beginner),https://i.ytimg.com/vi/ZR_qTzqIVvY/hqdefault.jpg,0,Machine learning
9crcSlhReas,Python Bytes - Linear Regression Prediction #python #datascience #coding Code in Description,https://i.ytimg.com/vi/9crcSlhReas/hqdefault.jpg,1,Machine learning
5B41CPvYMjY,The Ultimate Python Roadmap: From Beginner to Expert in 2025!,https://i.ytimg.com/vi/5B41CPvYMjY/hqdefault.jpg,0,Machine learning
UsfpzxZNsPo,Python Essentials for AI Agents – Tutorial,https://i.ytimg.com/vi/UsfpzxZNsPo/hqdefault.jpg,1,Machine learning
0YdpwSYMY6I,All Machine Learning Models Clearly Explained!,https://i.ytimg.com/vi/0YdpwSYMY6I/hqdefault.jpg,1,Machine learning
-IvNzmrcyUM,Simple Machine Learning Code Tutorial for Beginners with Sklearn Scikit-Learn,https://i.ytimg.com/vi/-IvNzmrcyUM/hqdefault.jpg,1,Machine learning
7eh4d6sabA0,Python Machine Learning Tutorial (Data Science),https://i.ytimg.com/vi/7eh4d6sabA0/hqdefault.jpg,1,machine learning
PeMlggyqz0Y,Machine Learning Explained in 100 Seconds,https://i.ytimg.com/vi/PeMlggyqz0Y/hqdefault.jpg,1,machine learning
oD8W_xFWo3A,The Python Needed for AI/ML (Complete Roadmap),https://i.ytimg.com/vi/oD8W_xFWo3A/hqdefault.jpg,1,machine learning
n-8S90vzE5s,Top Python Libraries &amp; Frameworks You NEED to Know! 🐍,https://i.ytimg.com/vi/n-8S90vzE5s/hqdefault.jpg,0,machine learning
8xUher8-5_Q,How I&#39;d Learn ML/AI FAST If I Had to Start Over,https://i.ytimg.com/vi/8xUher8-5_Q/hqdefault.jpg,1,machine learning
qNxrPri1V0I,Learn Machine Learning Like a GENIUS and Not Waste Time,https://i.ytimg.com/vi/qNxrPri1V0I/hqdefault.jpg,1,machine learning
0B5eIE_1vpU,Scikit-learn Crash Course - Machine Learning Library for Python,https://i.ytimg.com/vi/0B5eIE_1vpU/hqdefault.jpg,1,machine learning
gmvvaobm7eQ,Machine Learning Tutorial Python -1: What is Machine Learning?,https://i.ytimg.com/vi/gmvvaobm7eQ/hqdefault.jpg,1,machine learning
7IgVGSaQPaw,The Complete Machine Learning Roadmap,https://i.ytimg.com/vi/7IgVGSaQPaw/hqdefault.jpg,1,machine learning
SW0YGA9d8y8,Python Machine Learning for Dummies: Scikit-Learn Tutorial for Beginners,https://i.ytimg.com/vi/SW0YGA9d8y8/hqdefault.jpg,1,machine learning
su28s_4sNaM,Why bother learning Python for ML?,https://i.ytimg.com/vi/su28s_4sNaM/hqdefault.jpg,1,machine learning
uWEIaF0PNGg,Python OPTIMIZATION Trick!!  #python #programming #coding,https://i.ytimg.com/vi/uWEIaF0PNGg/hqdefault.jpg,0,machine learning
YhmtBmyQt18,Python Skills You NEED Before Machine Learning,https://i.ytimg.com/vi/YhmtBmyQt18/hqdefault.jpg,1,machine learning
g6Cyw3prtHY,Building an ML Model in 60 seconds! 🤖💻 #programming #coding #machinelearning,https://i.ytimg.com/vi/g6Cyw3prtHY/hqdefault.jpg,1,machine learning
sbmPMtQkjxY,Machine Learning Full Course #education #ai #ml #python #dataanalysis #datascience,https://i.ytimg.com/vi/sbmPMtQkjxY/hqdefault.jpg,1,machine learning
29ZQ3TDGgRQ,Build your first machine learning model in Python,https://i.ytimg.com/vi/29ZQ3TDGgRQ/hqdefault.jpg,1,machine learning
vdRp_w9f-qM,I can&#39;t STOP reading these Machine Learning Books!,https://i.ytimg.com/vi/vdRp_w9f-qM/hqdefault.jpg,1,machine learning
ygXn5nV5qFc,Python for AI - Full Beginner Course,https://i.ytimg.com/vi/ygXn5nV5qFc/hqdefault.jpg,1,machine learning
xS31Se82pQo,DEEP LEARNING ROADMAP 👨‍💻. #deeplearning  #machinelearning #python,https://i.ytimg.com/vi/xS31Se82pQo/hqdefault.jpg,1,machine learning
fSgNjOvXTCs,PyTorch vs. TensorFlow,https://i.ytimg.com/vi/fSgNjOvXTCs/hqdefault.jpg,1,machine learning
hDKCxebp88A,Machine Learning with Python and Scikit-Learn – Full Course,https://i.ytimg.com/vi/hDKCxebp88A/hqdefault.jpg,1,machine learning
3QC3-rnlvxE,Machine Learning With Python Full Course 2026 | Python Machine Learning For Beginners | Simplilearn,https://i.ytimg.com/vi/3QC3-rnlvxE/hqdefault.jpg,1,machine learning
jEJD8M6rNoo,Python for Machine Learning: Skills That Actually Get You Hired (Complete Roadmap!),https://i.ytimg.com/vi/jEJD8M6rNoo/hqdefault.jpg,1,machine learning
2wTRQqoDM1A,Learn Machine Learning Like a GENIUS and Not Waste Time,https://i.ytimg.com/vi/2wTRQqoDM1A/hqdefault.jpg,1,machine learning
E0Hmnixke2g,All Machine Learning algorithms explained in 17 min,https://i.ytimg.com/vi/E0Hmnixke2g/hqdefault.jpg,1,machine learning
ukzFI9rgwfU,Machine Learning | What Is Machine Learning? | Introduction To Machine Learning | 2026 | Simplilearn,https://i.ytimg.com/vi/ukzFI9rgwfU/hqdefault.jpg,1,machine learning
po5qTPKBrRc,PyTorch or Tensorflow? Which Should YOU Learn!,https://i.ytimg.com/vi/po5qTPKBrRc/hqdefault.jpg,1,machine learning
AQJbHAeUhzM,How to MASTER Python for FREE,https://i.ytimg.com/vi/AQJbHAeUhzM/hqdefault.jpg,0,machine learning
0oyDqO8PjIg,"AI Foundations Course – Python, Machine Learning, Deep Learning, Data Science",https://i.ytimg.com/vi/0oyDqO8PjIg/hqdefault.jpg,1,machine learning
GXxjd1za6jk,Learning Machine Learning has never been easier #shorts #machinelearning #statistics #datascience,https://i.ytimg.com/vi/GXxjd1za6jk/hqdefault.jpg,1,machine learning
ORMx45xqWkA,PyTorch in 100 Seconds,https://i.ytimg.com/vi/ORMx45xqWkA/hqdefault.jpg,1,machine learning
Sl4zqWLC9Xw,Fastest way to learn Python #coding #python #programming,https://i.ytimg.com/vi/Sl4zqWLC9Xw/hqdefault.jpg,0,machine learning
vNY-BET-0K0,Learn machine learning EASILY and FREE👩‍💻 #technology #programming #software #machinelearning,https://i.ytimg.com/vi/vNY-BET-0K0/hqdefault.jpg,1,machine learning
VUoM7p_Fb1k,BEST Python Libraries when getting started in Machine Learning!,https://i.ytimg.com/vi/VUoM7p_Fb1k/hqdefault.jpg,1,machine learning
FDyZ3TJKW-Y,Sentiment Analysis AI in 4sec Using Python || python programming #python,https://i.ytimg.com/vi/FDyZ3TJKW-Y/hqdefault.jpg,1,machine learning
aegyF26ppP4,How to learn Python fast for data analysis? #dataanalyst #python #pandas #numpy #matplotlib,https://i.ytimg.com/vi/aegyF26ppP4/hqdefault.jpg,0,machine learning
cAkMcPfY_Ns,I Built a Neural Network from Scratch,https://i.ytimg.com/vi/cAkMcPfY_Ns/hqdefault.jpg,1,machine learning
h2KD4kiCRAc,Beginner Programming Project Tier List 👩‍💻 #software #programming #technology #code,https://i.ytimg.com/vi/h2KD4kiCRAc/hqdefault.jpg,0,machine learning
4Dn1vqg4Kc0,Should you do dsa using python? 🤔 | DSA | Python | Machine Learning | GFG #geeksforgeeks,https://i.ytimg.com/vi/4Dn1vqg4Kc0/hqdefault.jpg,1,machine learning
9v7b8gOIkjw,One Reason You May Struggle To Learn ML/AI,https://i.ytimg.com/vi/9v7b8gOIkjw/hqdefault.jpg,1,machine learning
PopKlyqTPAI,AI vs ML vs DL vs DS: What&#39;s the Difference?,https://i.ytimg.com/vi/PopKlyqTPAI/hqdefault.jpg,1,machine learning
VQbgP06ZuOo,Python Roadmap for beginner to advance 🔥🔥,https://i.ytimg.com/vi/VQbgP06ZuOo/hqdefault.jpg,0,machine learning
ZR_qTzqIVvY,Learn Python FAST with AI (step by step beginner),https://i.ytimg.com/vi/ZR_qTzqIVvY/hqdefault.jpg,1,machine learning
9crcSlhReas,Python Bytes - Linear Regression Prediction #python #datascience #coding Code in Description,https://i.ytimg.com/vi/9crcSlhReas/hqdefault.jpg,1,machine learning
5B41CPvYMjY,The Ultimate Python Roadmap: From Beginner to Expert in 2025!,https://i.ytimg.com/vi/5B41CPvYMjY/hqdefault.jpg,0,machine learning
UsfpzxZNsPo,Python Essentials for AI Agents – Tutorial,https://i.ytimg.com/vi/UsfpzxZNsPo/hqdefault.jpg,1,machine learning
0YdpwSYMY6I,All Machine Learning Models Clearly Explained!,https://i.ytimg.com/vi/0YdpwSYMY6I/hqdefault.jpg,1,machine learning
7eh4d6sabA0,Python Machine Learning Tutorial (Data Science),https://i.ytimg.com/vi/7eh4d6sabA0/hqdefault.jpg,1,AI
PeMlggyqz0Y,Machine Learning Explained in 100 Seconds,https://i.ytimg.com/vi/PeMlggyqz0Y/hqdefault.jpg,1,AI
oD8W_xFWo3A,The Python Needed for AI/ML (Complete Roadmap),https://i.ytimg.com/vi/oD8W_xFWo3A/hqdefault.jpg,1,AI
n-8S90vzE5s,Top Python Libraries &amp; Frameworks You NEED to Know! 🐍,https://i.ytimg.com/vi/n-8S90vzE5s/hqdefault.jpg,0,AI
8xUher8-5_Q,How I&#39;d Learn ML/AI FAST If I Had to Start Over,https://i.ytimg.com/vi/8xUher8-5_Q/hqdefault.jpg,1,AI
qNxrPri1V0I,Learn Machine Learning Like a GENIUS and Not Waste Time,https://i.ytimg.com/vi/qNxrPri1V0I/hqdefault.jpg,1,AI
0B5eIE_1vpU,Scikit-learn Crash Course - Machine Learning Library for Python,https://i.ytimg.com/vi/0B5eIE_1vpU/hqdefault.jpg,1,AI
7eh4d6sabA0,Python Machine Learning Tutorial (Data Science),https://i.ytimg.com/vi/7eh4d6sabA0/hqdefault.jpg,1,AI  python
PeMlggyqz0Y,Machine Learning Explained in 100 Seconds,https://i.ytimg.com/vi/PeMlggyqz0Y/hqdefault.jpg,1,AI  python
oD8W_xFWo3A,The Python Needed for AI/ML (Complete Roadmap),https://i.ytimg.com/vi/oD8W_xFWo3A/hqdefault.jpg,1,AI  python
n-8S90vzE5s,Top Python Libraries &amp; Frameworks You NEED to Know! 🐍,https://i.ytimg.com/vi/n-8S90vzE5s/hqdefault.jpg,1,AI  python
gmvvaobm7eQ,Machine Learning Tutorial Python -1: What is Machine Learning?,https://i.ytimg.com/vi/gmvvaobm7eQ/hqdefault.jpg,1,AI  python
8xUher8-5_Q,How I&#39;d Learn ML/AI FAST If I Had to Start Over,https://i.ytimg.com/vi/8xUher8-5_Q/hqdefault.jpg,1,AI  python
qNxrPri1V0I,Learn Machine Learning Like a GENIUS and Not Waste Time,https://i.ytimg.com/vi/qNxrPri1V0I/hqdefault.jpg,1,AI  python
0B5eIE_1vpU,Scikit-learn Crash Course - Machine Learning Library for Python,https://i.ytimg.com/vi/0B5eIE_1vpU/hqdefault.jpg,1,AI  python
7IgVGSaQPaw,The Complete Machine Learning Roadmap,https://i.ytimg.com/vi/7IgVGSaQPaw/hqdefault.jpg,1,AI  python
SW0YGA9d8y8,Python Machine Learning for Dummies: Scikit-Learn Tutorial for Beginners,https://i.ytimg.com/vi/SW0YGA9d8y8/hqdefault.jpg,1,AI  python
su28s_4sNaM,Why bother learning Python for ML?,https://i.ytimg.com/vi/su28s_4sNaM/hqdefault.jpg,1,AI  python
7eh4d6sabA0,Python Machine Learning Tutorial (Data Science),https://i.ytimg.com/vi/7eh4d6sabA0/hqdefault.jpg,0,beginner python
PeMlggyqz0Y,Machine Learning Explained in 100 Seconds,https://i.ytimg.com/vi/PeMlggyqz0Y/hqdefault.jpg,0,beginner python
oD8W_xFWo3A,The Python Needed for AI/ML (Complete Roadmap),https://i.ytimg.com/vi/oD8W_xFWo3A/hqdefault.jpg,0,beginner python
n-8S90vzE5s,Top Python Libraries &amp; Frameworks You NEED to Know! 🐍,https://i.ytimg.com/vi/n-8S90vzE5s/hqdefault.jpg,1,beginner python
8xUher8-5_Q,How I&#39;d Learn ML/AI FAST If I Had to Start Over,https://i.ytimg.com/vi/8xUher8-5_Q/hqdefault.jpg,0,beginner python
qNxrPri1V0I,Learn Machine Learning Like a GENIUS and Not Waste Time,https://i.ytimg.com/vi/qNxrPri1V0I/hqdefault.jpg,0,beginner python
0B5eIE_1vpU,Scikit-learn Crash Course - Machine Learning Library for Python,https://i.ytimg.com/vi/0B5eIE_1vpU/hqdefault.jpg,0,beginner python
gmvvaobm7eQ,Machine Learning Tutorial Python -1: What is Machine Learning?,https://i.ytimg.com/vi/gmvvaobm7eQ/hqdefault.jpg,0,beginner python
7IgVGSaQPaw,The Complete Machine Learning Roadmap,https://i.ytimg.com/vi/7IgVGSaQPaw/hqdefault.jpg,0,beginner python
SW0YGA9d8y8,Python Machine Learning for Dummies: Scikit-Learn Tutorial for Beginners,https://i.ytimg.com/vi/SW0YGA9d8y8/hqdefault.jpg,0,beginner python
su28s_4sNaM,Why bother learning Python for ML?,https://i.ytimg.com/vi/su28s_4sNaM/hqdefault.jpg,0,beginner python
uWEIaF0PNGg,Python OPTIMIZATION Trick!!  #python #programming #coding,https://i.ytimg.com/vi/uWEIaF0PNGg/hqdefault.jpg,1,beginner python
YhmtBmyQt18,Python Skills You NEED Before Machine Learning,https://i.ytimg.com/vi/YhmtBmyQt18/hqdefault.jpg,0,beginner python
g6Cyw3prtHY,Building an ML Model in 60 seconds! 🤖💻 #programming #coding #machinelearning,https://i.ytimg.com/vi/g6Cyw3prtHY/hqdefault.jpg,0,beginner python
sbmPMtQkjxY,Machine Learning Full Course #education #ai #ml #python #dataanalysis #datascience,https://i.ytimg.com/vi/sbmPMtQkjxY/hqdefault.jpg,0,beginner python
29ZQ3TDGgRQ,Build your first machine learning model in Python,https://i.ytimg.com/vi/29ZQ3TDGgRQ/hqdefault.jpg,0,beginner python
vdRp_w9f-qM,I can&#39;t STOP reading these Machine Learning Books!,https://i.ytimg.com/vi/vdRp_w9f-qM/hqdefault.jpg,0,beginner python
ygXn5nV5qFc,Python for AI - Full Beginner Course,https://i.ytimg.com/vi/ygXn5nV5qFc/hqdefault.jpg,1,beginner python
xS31Se82pQo,DEEP LEARNING ROADMAP 👨‍💻. #deeplearning  #machinelearning #python,https://i.ytimg.com/vi/xS31Se82pQo/hqdefault.jpg,0,beginner python
fSgNjOvXTCs,PyTorch vs. TensorFlow,https://i.ytimg.com/vi/fSgNjOvXTCs/hqdefault.jpg,0,beginner python
hDKCxebp88A,Machine Learning with Python and Scikit-Learn – Full Course,https://i.ytimg.com/vi/hDKCxebp88A/hqdefault.jpg,0,beginner python
3QC3-rnlvxE,Machine Learning With Python Full Course 2026 | Python Machine Learning For Beginners | Simplilearn,https://i.ytimg.com/vi/3QC3-rnlvxE/hqdefault.jpg,0,beginner python
jEJD8M6rNoo,Python for Machine Learning: Skills That Actually Get You Hired (Complete Roadmap!),https://i.ytimg.com/vi/jEJD8M6rNoo/hqdefault.jpg,0,beginner python
2wTRQqoDM1A,Learn Machine Learning Like a GENIUS and Not Waste Time,https://i.ytimg.com/vi/2wTRQqoDM1A/hqdefault.jpg,0,beginner python
E0Hmnixke2g,All Machine Learning algorithms explained in 17 min,https://i.ytimg.com/vi/E0Hmnixke2g/hqdefault.jpg,0,beginner python
ukzFI9rgwfU,Machine Learning | What Is Machine Learning? | Introduction To Machine Learning | 2026 | Simplilearn,https://i.ytimg.com/vi/ukzFI9rgwfU/hqdefault.jpg,0,beginner python
po5qTPKBrRc,PyTorch or Tensorflow? Which Should YOU Learn!,https://i.ytimg.com/vi/po5qTPKBrRc/hqdefault.jpg,0,beginner python
AQJbHAeUhzM,How to MASTER Python for FREE,https://i.ytimg.com/vi/AQJbHAeUhzM/hqdefault.jpg,0,beginner python
0oyDqO8PjIg,"AI Foundations Course – Python, Machine Learning, Deep Learning, Data Science",https://i.ytimg.com/vi/0oyDqO8PjIg/hqdefault.jpg,0,beginner python
GXxjd1za6jk,Learning Machine Learning has never been easier #shorts #machinelearning #statistics #datascience,https://i.ytimg.com/vi/GXxjd1za6jk/hqdefault.jpg,0,beginner python
ORMx45xqWkA,PyTorch in 100 Seconds,https://i.ytimg.com/vi/ORMx45xqWkA/hqdefault.jpg,0,beginner python
Sl4zqWLC9Xw,Fastest way to learn Python #coding #python #programming,https://i.ytimg.com/vi/Sl4zqWLC9Xw/hqdefault.jpg,1,beginner python
vNY-BET-0K0,Learn machine learning EASILY and FREE👩‍💻 #technology #programming #software #machinelearning,https://i.ytimg.com/vi/vNY-BET-0K0/hqdefault.jpg,0,beginner python
VUoM7p_Fb1k,BEST Python Libraries when getting started in Machine Learning!,https://i.ytimg.com/vi/VUoM7p_Fb1k/hqdefault.jpg,0,beginner python
FDyZ3TJKW-Y,Sentiment Analysis AI in 4sec Using Python || python programming #python,https://i.ytimg.com/vi/FDyZ3TJKW-Y/hqdefault.jpg,0,beginner python
aegyF26ppP4,How to learn Python fast for data analysis? #dataanalyst #python #pandas #numpy #matplotlib,https://i.ytimg.com/vi/aegyF26ppP4/hqdefault.jpg,0,beginner python
cAkMcPfY_Ns,I Built a Neural Network from Scratch,https://i.ytimg.com/vi/cAkMcPfY_Ns/hqdefault.jpg,0,beginner python
h2KD4kiCRAc,Beginner Programming Project Tier List 👩‍💻 #software #programming #technology #code,https://i.ytimg.com/vi/h2KD4kiCRAc/hqdefault.jpg,1,beginner python
4Dn1vqg4Kc0,Should you do dsa using python? 🤔 | DSA | Python | Machine Learning | GFG #geeksforgeeks,https://i.ytimg.com/vi/4Dn1vqg4Kc0/hqdefault.jpg,0,beginner python
9v7b8gOIkjw,One Reason You May Struggle To Learn ML/AI,https://i.ytimg.com/vi/9v7b8gOIkjw/hqdefault.jpg,0,beginner python
PopKlyqTPAI,AI vs ML vs DL vs DS: What&#39;s the Difference?,https://i.ytimg.com/vi/PopKlyqTPAI/hqdefault.jpg,0,beginner python
VQbgP06ZuOo,Python Roadmap for beginner to advance 🔥🔥,https://i.ytimg.com/vi/VQbgP06ZuOo/hqdefault.jpg,1,beginner python
ZR_qTzqIVvY,Learn Python FAST with AI (step by step beginner),https://i.ytimg.com/vi/ZR_qTzqIVvY/hqdefault.jpg,1,beginner python
9crcSlhReas,Python Bytes - Linear Regression Prediction #python #datascience #coding Code in Description,https://i.ytimg.com/vi/9crcSlhReas/hqdefault.jpg,0,beginner python
5B41CPvYMjY,The Ultimate Python Roadmap: From Beginner to Expert in 2025!,https://i.ytimg.com/vi/5B41CPvYMjY/hqdefault.jpg,1,beginner python
UsfpzxZNsPo,Python Essentials for AI Agents – Tutorial,https://i.ytimg.com/vi/UsfpzxZNsPo/hqdefault.jpg,0,beginner python
0YdpwSYMY6I,All Machine Learning Models Clearly Explained!,https://i.ytimg.com/vi/0YdpwSYMY6I/hqdefault.jpg,0,beginner python
-IvNzmrcyUM,Simple Machine Learning Code Tutorial for Beginners with Sklearn Scikit-Learn,https://i.ytimg.com/vi/-IvNzmrcyUM/hqdefault.jpg,0,beginner python
yZl5FJ3ChkI,Python Roadmap For Beginners (Step By Step),https://i.ytimg.com/vi/yZl5FJ3ChkI/hqdefault.jpg,1,beginner python
s5MJpRBQLgo,Python Full Course 2026 | Beginner to Advanced with AI Projects | Saumya Singh,https://i.ytimg.com/vi/s5MJpRBQLgo/hqdefault.jpg,1,beginner python
MZsUalDCQpw,Dictionary Views are Awesome in Python,https://i.ytimg.com/vi/MZsUalDCQpw/hqdefault.jpg,0,beginner python
mRMmlo_Uqcs,you need to learn Python RIGHT NOW!! // EP 1,https://i.ytimg.com/vi/mRMmlo_Uqcs/hqdefault.jpg,1,beginner python
K5KVEU3aaeQ,Python Full Course for Beginners,https://i.ytimg.com/vi/K5KVEU3aaeQ/hqdefault.jpg,1,beginner python
VN9Y-E-umwE,Python 3.14 is INSANE 💻🐍,https://i.ytimg.com/vi/VN9Y-E-umwE/hqdefault.jpg,0,beginner python
fXxUYb0s-pc,Impress your crush using Python Code ❤️,https://i.ytimg.com/vi/fXxUYb0s-pc/hqdefault.jpg,0,beginner python
_uQrJ0TkZlc,Python Full Course for Beginners,https://i.ytimg.com/vi/_uQrJ0TkZlc/hqdefault.jpg,1,beginner python
ix9cRaBkVe0,Python Full Course for free 🐍,https://i.ytimg.com/vi/ix9cRaBkVe0/hqdefault.jpg,1,beginner python
W-8j4MrsX2s,Amazing Flower Design using Python turtle 🐢 #python #coding #funny #viral #trending #design,https://i.ytimg.com/vi/W-8j4MrsX2s/hqdefault.jpg,0,beginner python
VlofYskOTfE,3 Python MISTAKES You Should Avoid!! #python #programming #coding,https://i.ytimg.com/vi/VlofYskOTfE/hqdefault.jpg,0,beginner python
c0MNpou4zOA,How to create a virus using python🦠,https://i.ytimg.com/vi/c0MNpou4zOA/hqdefault.jpg,0,beginner python
ZqS_lnqSgeY,3 EASY Python Project Ideas!! #python #programming #coding,https://i.ytimg.com/vi/ZqS_lnqSgeY/hqdefault.jpg,1,beginner python
kqtD5dpn9C8,Python for Beginners - Learn Coding with Python in 1 Hour,https://i.ytimg.com/vi/kqtD5dpn9C8/hqdefault.jpg,1,beginner python
q2-pnQffZik,Learn Python for FREE in 2025,https://i.ytimg.com/vi/q2-pnQffZik/hqdefault.jpg,1,beginner python
Rq5gJVxz55Q,Python Full Course for Beginners (13 Hours) – From Zero to Hero,https://i.ytimg.com/vi/Rq5gJVxz55Q/hqdefault.jpg,1,beginner python
Ix5cKThAa3E,Python Coding Basics: Get Started with VSCode,https://i.ytimg.com/vi/Ix5cKThAa3E/hqdefault.jpg,1,beginner python
DSshk8M-ZXE,C++ Vs Python,https://i.ytimg.com/vi/DSshk8M-ZXE/hqdefault.jpg,0,beginner python
eWRfhZUzrAc,Python for Beginners – Full Course [Programming Tutorial],https://i.ytimg.com/vi/eWRfhZUzrAc/hqdefault.jpg,1,beginner python
7eh4d6sabA0,Python Machine Learning Tutorial (Data Science),https://i.ytimg.com/vi/7eh4d6sabA0/hqdefault.jpg,0,dogs
PeMlggyqz0Y,Machine Learning Explained in 100 Seconds,https://i.ytimg.com/vi/PeMlggyqz0Y/hqdefault.jpg,0,dogs
oD8W_xFWo3A,The Python Needed for AI/ML (Complete Roadmap),https://i.ytimg.com/vi/oD8W_xFWo3A/hqdefault.jpg,0,dogs
n-8S90vzE5s,Top Python Libraries &amp; Frameworks You NEED to Know! 🐍,https://i.ytimg.com/vi/n-8S90vzE5s/hqdefault.jpg,0,dogs
8xUher8-5_Q,How I&#39;d Learn ML/AI FAST If I Had to Start Over,https://i.ytimg.com/vi/8xUher8-5_Q/hqdefault.jpg,0,dogs
qNxrPri1V0I,Learn Machine Learning Like a GENIUS and Not Waste Time,https://i.ytimg.com/vi/qNxrPri1V0I/hqdefault.jpg,0,dogs
0B5eIE_1vpU,Scikit-learn Crash Course - Machine Learning Library for Python,https://i.ytimg.com/vi/0B5eIE_1vpU/hqdefault.jpg,0,dogs
gmvvaobm7eQ,Machine Learning Tutorial Python -1: What is Machine Learning?,https://i.ytimg.com/vi/gmvvaobm7eQ/hqdefault.jpg,0,dogs
7IgVGSaQPaw,The Complete Machine Learning Roadmap,https://i.ytimg.com/vi/7IgVGSaQPaw/hqdefault.jpg,0,dogs
SW0YGA9d8y8,Python Machine Learning for Dummies: Scikit-Learn Tutorial for Beginners,https://i.ytimg.com/vi/SW0YGA9d8y8/hqdefault.jpg,0,dogs
su28s_4sNaM,Why bother learning Python for ML?,https://i.ytimg.com/vi/su28s_4sNaM/hqdefault.jpg,0,dogs
uWEIaF0PNGg,Python OPTIMIZATION Trick!!  #python #programming #coding,https://i.ytimg.com/vi/uWEIaF0PNGg/hqdefault.jpg,0,dogs
YhmtBmyQt18,Python Skills You NEED Before Machine Learning,https://i.ytimg.com/vi/YhmtBmyQt18/hqdefault.jpg,0,dogs
g6Cyw3prtHY,Building an ML Model in 60 seconds! 🤖💻 #programming #coding #machinelearning,https://i.ytimg.com/vi/g6Cyw3prtHY/hqdefault.jpg,0,dogs
sbmPMtQkjxY,Machine Learning Full Course #education #ai #ml #python #dataanalysis #datascience,https://i.ytimg.com/vi/sbmPMtQkjxY/hqdefault.jpg,0,dogs
29ZQ3TDGgRQ,Build your first machine learning model in Python,https://i.ytimg.com/vi/29ZQ3TDGgRQ/hqdefault.jpg,0,dogs
vdRp_w9f-qM,I can&#39;t STOP reading these Machine Learning Books!,https://i.ytimg.com/vi/vdRp_w9f-qM/hqdefault.jpg,0,dogs
ygXn5nV5qFc,Python for AI - Full Beginner Course,https://i.ytimg.com/vi/ygXn5nV5qFc/hqdefault.jpg,0,dogs
xS31Se82pQo,DEEP LEARNING ROADMAP 👨‍💻. #deeplearning  #machinelearning #python,https://i.ytimg.com/vi/xS31Se82pQo/hqdefault.jpg,0,dogs
_DIJ4p3ZNQM,This 15-Year-Old Show Predicted the Danger of AI 💀📺 #ai #turingtest #artificialintelligence,https://i.ytimg.com/vi/_DIJ4p3ZNQM/hqdefault.jpg,0,Python
xoKCsCd6vsA,Machine learning for beginners 101,https://i.ytimg.com/vi/xoKCsCd6vsA/hqdefault.jpg,0,Python
qSn8dVI9V5I,The scale of training LLMs,https://i.ytimg.com/vi/qSn8dVI9V5I/hqdefault.jpg,0,Python
ivVZgOhB0ag,Concept Of Machine Learning - Explained Simply,https://i.ytimg.com/vi/ivVZgOhB0ag/hqdefault.jpg,0,Python
Lb0JzFtTmBs,Part 2 - Supervised Learning | Complete Machine Learning Course for Beginners | Sheryians AI School,https://i.ytimg.com/vi/Lb0JzFtTmBs/hqdefault.jpg,0,Python
AEOcss20nDA,Hamiltonian Neural Networks (HNN) [Physics Informed Machine Learning],https://i.ytimg.com/vi/AEOcss20nDA/hqdefault.jpg,0,Python
-8qzzN7CWxA,Machine Learning is Probably Not a Good Career for You,https://i.ytimg.com/vi/-8qzzN7CWxA/hqdefault.jpg,0,Python
7uwa9aPbBRU,Introduction To Machine Learning Algorithms In Hindi,https://i.ytimg.com/vi/7uwa9aPbBRU/hqdefault.jpg,0,Python
gqsYY4LKwFI,CNN(Convolutional Neural Network) Visualization,https://i.ytimg.com/vi/gqsYY4LKwFI/hqdefault.jpg,0,Python
m0fmBY4t5BI,Convolutional Neural Network (CNN) – explained simply,https://i.ytimg.com/vi/m0fmBY4t5BI/hqdefault.jpg,0,Python
MW_YKk8HSSU,#Class 8th Maths #Introduction to Graphs &amp; Data Handling#CBSE##education #new,https://i.ytimg.com/vi/MW_YKk8HSSU/hqdefault.jpg,0,Python
LXosuQEOLn0,AI Learns to Dodge  #ai #deeplearning #aiwarehouse,https://i.ytimg.com/vi/LXosuQEOLn0/hqdefault.jpg,0,Python
hR-tMLTMw0s,Machine Learning Full Course | Beginner to Advanced (FREE) 2026,https://i.ytimg.com/vi/hR-tMLTMw0s/hqdefault.jpg,0,Python
44X9Mam8foQ,Liquid Neural Networks,https://i.ytimg.com/vi/44X9Mam8foQ/hqdefault.jpg,0,Python
VXU4LSAQDSc,Learn NumPy in 1 hour! 🔢,https://i.ytimg.com/vi/VXU4LSAQDSc/hqdefault.jpg,1,Python
N9NXsvY8RZ0,Struggling With Machine Learning? Watch This First #machinelearning,https://i.ytimg.com/vi/N9NXsvY8RZ0/hqdefault.jpg,0,Dogs
GqXz1kCwtck,biologically inspired spiking neural networks without backpropagation.,https://i.ytimg.com/vi/GqXz1kCwtck/hqdefault.jpg,0,Dogs
0mtXae5HhTE,Você sabe o que é Machine Learning? - @CursoemVideo Inteligência Artificial,https://i.ytimg.com/vi/0mtXae5HhTE/hqdefault.jpg,0,Dogs
PopKlyqTPAI,AI vs ML vs DL vs DS: What&#39;s the Difference?,https://i.ytimg.com/vi/PopKlyqTPAI/hqdefault.jpg,0,Dogs
qSn8dVI9V5I,The scale of training LLMs,https://i.ytimg.com/vi/qSn8dVI9V5I/hqdefault.jpg,0,Dogs
mJeNghZXtMo,What is Artificial Intelligence (or Machine Learning)?,https://i.ytimg.com/vi/mJeNghZXtMo/hqdefault.jpg,0,Dogs
DpzZVnwxxvY,sewing machine ki shuttle kese saaf kre#machinelearning #beginners,https://i.ytimg.com/vi/DpzZVnwxxvY/hqdefault.jpg,0,Dogs
SXnHqFGLNxA,"Give Me 40 min, I&#39;ll Make Neural Network Click Forever",https://i.ytimg.com/vi/SXnHqFGLNxA/hqdefault.jpg,0,Cats
9jc9LZO-jZ8,Reinforced Learning Neural Networks AI Trading MNQ Futures..LIVE,https://i.ytimg.com/vi/9jc9LZO-jZ8/hqdefault_live.jpg,0,Cats
xrQ1YH0PnrM,¿Qué es machine learning? Aprendizaje automático,https://i.ytimg.com/vi/xrQ1YH0PnrM/hqdefault.jpg,0,Cats
iNxviemS3hI,What is Unsupervised Learning in machine learning?,https://i.ytimg.com/vi/iNxviemS3hI/hqdefault.jpg,0,Cats
600k_das5rc,"What is TRAIN, TEST and VALIDATION sets in Machine Learning",https://i.ytimg.com/vi/600k_das5rc/hqdefault.jpg,0,Cats
t-NW-1BiD7A,Pengertian Machine learning,https://i.ytimg.com/vi/t-NW-1BiD7A/hqdefault.jpg,0,Cats
EeIRSOmlkvU,"Вас тоже бесят такие универсальные ответы? Как будто нейросети, а не люди 🫠",https://i.ytimg.com/vi/EeIRSOmlkvU/hqdefault.jpg,0,Cats
1fcfZ_Ne8ok,Machine Learning with Python Full Course [2026] | Machine Learning - Beginner to Advanced | Edureka,https://i.ytimg.com/vi/1fcfZ_Ne8ok/hqdefault.jpg,0,Cats
TGseHnVTikg,How Tesla Optimus Gen 3 Uses AI5 for Factory Autonomy #elonmusk #optimus #gen3 #tesla #grok,https://i.ytimg.com/vi/TGseHnVTikg/hqdefault.jpg,0,Cats
qWK7yW8oS0I,10.12: Neural Networks: Feedforward Algorithm Part 1 - The Nature of Code,https://i.ytimg.com/vi/qWK7yW8oS0I/hqdefault.jpg,0,Cats
ytocFOJg47Q,Bagging vs Boosting #datascience #machinelearning #bagging #boosting #ensemble #statistics,https://i.ytimg.com/vi/ytocFOJg47Q/hqdefault.jpg,0,Cats
fzbynWNusTU,36. Backpropagation Explained in Telugu | Neural Networks Concept | Deep Learning,https://i.ytimg.com/vi/fzbynWNusTU/hqdefault.jpg,0,Cats
FEh6IaqKc_4,Three layers of Convolutional Neural Network (CNN) | Deep Learning #artificialintelligence #shorts,https://i.ytimg.com/vi/FEh6IaqKc_4/hqdefault.jpg,0,Cats
XmSlFPDjKdc,Machine Learning in Python: Building a Classification Model,https://i.ytimg.com/vi/XmSlFPDjKdc/hqdefault.jpg,0,Cats
LGCZ-Fhm48c,AI Full Course 2025 | AI Tutorial for Beginners | Artificial Intelligence Course | Simplilearn,https://i.ytimg.com/vi/LGCZ-Fhm48c/hqdefault.jpg,0,Cats
k5jn6shPdlo,AI Engineer Roadmap: Essential Steps,https://i.ytimg.com/vi/k5jn6shPdlo/hqdefault.jpg,0,Cats
kft1AJ9WVDk,Create a Simple Neural Network in Python from Scratch,https://i.ytimg.com/vi/kft1AJ9WVDk/hqdefault.jpg,1,Models
TkwXa7Cvfr8,Watching Neural Networks Learn,https://i.ytimg.com/vi/TkwXa7Cvfr8/hqdefault.jpg,1,ml models
4C0i332AJxM,🧠 Neural Networks - 1 Intro &amp; Architecture | ⚡One-Shot | AKTU B. Tech Electrical Engineering BEE056,https://i.ytimg.com/vi/4C0i332AJxM/hqdefault.jpg,1,ml models
VPlFpvLOgtQ,Code your first Neural Network with TensorFlow,https://i.ytimg.com/vi/VPlFpvLOgtQ/hqdefault.jpg,1,ml models
b093aqAZiPU,👩‍💻 Python for Beginners Tutorial,https://i.ytimg.com/vi/b093aqAZiPU/hqdefault.jpg,0,ml models
dRkehLL19Wo,The Physics of A.I.,https://i.ytimg.com/vi/dRkehLL19Wo/hqdefault.jpg,1,ml models
qmqCYC-MBQo,Project 9. Heart Disease Prediction using Machine Learning with Python | Machine Learning Projects,https://i.ytimg.com/vi/qmqCYC-MBQo/hqdefault.jpg,1,ml models
N9QY_fKXtFc,Neural Networks Explained: Step-by-Step Walkthrough,https://i.ytimg.com/vi/N9QY_fKXtFc/hqdefault.jpg,1,ml models
mozBidd58VQ,Building a Neural Network with PyTorch in 15 Minutes | Coding Challenge,https://i.ytimg.com/vi/mozBidd58VQ/hqdefault.jpg,1,ml models
FzVkDDjaRAY,Machine Learning Interview Questions asked 90% of the time | Check the Description Perfect eLearning,https://i.ytimg.com/vi/FzVkDDjaRAY/hqdefault.jpg,0,numpy
eLrtufRomh8,Understanding Model Predictions with SHAP - XGBoost vs Neural Networks (375),https://i.ytimg.com/vi/eLrtufRomh8/hqdefault.jpg,0,numpy
RF53NPPhBmE,Do you ACTUALLY NEED math for Machine Learning?,https://i.ytimg.com/vi/RF53NPPhBmE/hqdefault.jpg,0,numpy
YOfsksAM4OI,Machine Learning Explained in Tamil 🔥 | What Is Machine Learning? | Introduction to ML | 2025 #ai,https://i.ytimg.com/vi/YOfsksAM4OI/hqdefault.jpg,0,numpy
9gGnTQTYNaE,What is Machine Learning?,https://i.ytimg.com/vi/9gGnTQTYNaE/hqdefault.jpg,0,numpy
CqOfi41LfDw,The Essential Main Ideas of Neural Networks,https://i.ytimg.com/vi/CqOfi41LfDw/hqdefault.jpg,0,numpy
eaMDDseIL7E,How to create graphics using Python turtle 🐍🐢 #coding,https://i.ytimg.com/vi/eaMDDseIL7E/hqdefault.jpg,0,numpy
Kdsp6soqA7o,Machine Learning Fundamentals: The Confusion Matrix,https://i.ytimg.com/vi/Kdsp6soqA7o/hqdefault.jpg,0,numpy
bAlhKZBuwJM,Deep Learning Explained  Neural Networks Simplified,https://i.ytimg.com/vi/bAlhKZBuwJM/hqdefault.jpg,0,numpy
pj9-rr1wDhM,Convolutional Neural Networks Explained (CNN Visualized),https://i.ytimg.com/vi/pj9-rr1wDhM/hqdefault.jpg,0,numpy
E0Hmnixke2g,All Machine Learning algorithms explained in 17 min,https://i.ytimg.com/vi/E0Hmnixke2g/hqdefault.jpg,0,numpy
RnA5bV4Vz8E,Introduction to Machine Learning by Dr Adnan Amin,https://i.ytimg.com/vi/RnA5bV4Vz8E/hqdefault.jpg,0,numpy
r0l_yD7guYc,Machine Learning Engineer Salary | Machine Learning Roadmap | ML Engineer Salary |ML Engineer Skills,https://i.ytimg.com/vi/r0l_yD7guYc/hqdefault.jpg,0,numpy
UEs6EWYLifU,Mastering Linear Algebra for Machine Learning | Day 30 of AI/ML Journey in Python,https://i.ytimg.com/vi/UEs6EWYLifU/hqdefault.jpg,1,numpy
WVeKQJhfcMc,5 point summary + Box plot | VTU Machine Learning | BCS602,https://i.ytimg.com/vi/WVeKQJhfcMc/hqdefault.jpg,0,numpy
4Qj5y0Vtdds,I Created a New Kind of AI with No Neural Nets,https://i.ytimg.com/vi/4Qj5y0Vtdds/hqdefault.jpg,0,Maths
ZVu9YZcwiCs,🔥How to Become a Machine Learning Engineer in 2025? | ML Engineer Roadmap | Intellipaat #shorts,https://i.ytimg.com/vi/ZVu9YZcwiCs/hqdefault.jpg,0,Maths
8yZTriANUrA,confusion matrix in machine learning | How to read confusion matrix #coding #codingdidi,https://i.ytimg.com/vi/8yZTriANUrA/hqdefault.jpg,1,Maths
ubpqzR2HK4s,НОВЫЙ УЛЬТРАТОНКИЙ СМАРТФОН,https://i.ytimg.com/vi/ubpqzR2HK4s/hqdefault.jpg,0,Maths
0QczhVg5HaI,Why Neural Networks can learn (almost) anything,https://i.ytimg.com/vi/0QczhVg5HaI/hqdefault.jpg,0,Maths
vmh4EGftMg0,Machine Learning Terms you should definitely know!,https://i.ytimg.com/vi/vmh4EGftMg0/hqdefault.jpg,0,Maths
jEJD8M6rNoo,Python for Machine Learning: Skills That Actually Get You Hired (Complete Roadmap!),https://i.ytimg.com/vi/jEJD8M6rNoo/hqdefault.jpg,0,Maths
2wTRQqoDM1A,Learn Machine Learning Like a GENIUS and Not Waste Time,https://i.ytimg.com/vi/2wTRQqoDM1A/hqdefault.jpg,0,Maths
k9V3DapHEDA,Machine Learning Algorithms Full Course | Machine Learning Algorithms Explained | Simplilearn,https://i.ytimg.com/vi/k9V3DapHEDA/hqdefault.jpg,0,python machine learning
vdRp_w9f-qM,I can&#39;t STOP reading these Machine Learning Books!,https://i.ytimg.com/vi/vdRp_w9f-qM/hqdefault.jpg,0,python machine learning
jDe5BAsT2-Y,Convolutional Neural Networks from Scratch | In Depth,https://i.ytimg.com/vi/jDe5BAsT2-Y/hqdefault.jpg,0,python machine learning
XxZ0BibMTjw,Artificial neural networks (ANN) - explained super simple,https://i.ytimg.com/vi/XxZ0BibMTjw/hqdefault.jpg,0,python machine learning
6C5HN_4SkFU,The Math behind Neural Networks | Backpropagation simplified for beginners | Deep Learning basics,https://i.ytimg.com/vi/6C5HN_4SkFU/hqdefault.jpg,0,python machine learning
4b4MUYve_U8,Stanford CS229: Machine Learning - Linear Regression and Gradient Descent |  Lecture 2 (Autumn 2018),https://i.ytimg.com/vi/4b4MUYve_U8/hqdefault.jpg,0,python machine learning
JNERINTuZ1s,Graph Neural Network Tasks #machinelearning #datascience #deeplearning,https://i.ytimg.com/vi/JNERINTuZ1s/hqdefault.jpg,0,python machine learning
C_tOTeRhoz4,convolutional Neural Network ||CNN ||Deep Learning #convolutionalneuralnetworks #cnn #Deep Learning,https://i.ytimg.com/vi/C_tOTeRhoz4/hqdefault.jpg,0,python machine learning
eKzHKGVIZMk,Physics-Informed Neural Networks (PINNs) - Conor Daly | Podcast #120,https://i.ytimg.com/vi/eKzHKGVIZMk/hqdefault.jpg,0,python machine learning
ayOOMlgb320,Backpropagation in Neural Networks | Back Propagation Algorithm with Examples | Simplilearn,https://i.ytimg.com/vi/ayOOMlgb320/hqdefault.jpg,0,python machine learning
hgARO7_a0n0,Why Activation Function is Must in ANN | Artificial Neural Network,https://i.ytimg.com/vi/hgARO7_a0n0/hqdefault.jpg,0,python machine learning
mntQcINLmoA,Deep Learning | Artificial Neural Network | Sinhala,https://i.ytimg.com/vi/mntQcINLmoA/hqdefault.jpg,0,python machine learning
nCLyiny-Scs,Neural Networks Explained in Simple Terms | Intellipaat #shorts,https://i.ytimg.com/vi/nCLyiny-Scs/hqdefault.jpg,0,python machine learning
0aDq6ax6kGQ,Biological and Artificial Neural Network | Basic Concepts | Neural Networks,https://i.ytimg.com/vi/0aDq6ax6kGQ/hqdefault.jpg,0,python machine learning
20g0DnJWI3Q,Why neural networks use activation functions.,https://i.ytimg.com/vi/20g0DnJWI3Q/hqdefault.jpg,0,python machine learning
4lCma0YTqSU,👉 Top AI Algorithms You Must Know in 2026 🚀 #shorts #ai #viral #trending #explore,https://i.ytimg.com/vi/4lCma0YTqSU/hqdefault.jpg,0,python machine learning
pv5DAtLQTjc,How to learn the math behind Machine Learning (for free),https://i.ytimg.com/vi/pv5DAtLQTjc/hqdefault.jpg,0,python machine learning
lAEZU9TRtTE,Neural Networks in 2 minutes,https://i.ytimg.com/vi/lAEZU9TRtTE/hqdefault.jpg,0,python machine learning
LA2S_GjlnXI,Clustering in Unsupervised Learning explained in easy way! Must Know Machine Learning topics!,https://i.ytimg.com/vi/LA2S_GjlnXI/hqdefault.jpg,0,python machine learning
tVHMuFi3584,Complete Machine Learning Course in 60 Hours - Part 2 | Full Machine Learning Course for Beginners,https://i.ytimg.com/vi/tVHMuFi3584/hqdefault.jpg,0,python machine learning
RF53NPPhBmE,Do you ACTUALLY NEED math for Machine Learning?,https://i.ytimg.com/vi/RF53NPPhBmE/hqdefault.jpg,0,python machine learning
alqiFPGXG4g,"Попросили Дмитрия Халипова, автора книги «Нейросети для родителей», рассказать, что работает сейчас.",https://i.ytimg.com/vi/alqiFPGXG4g/hqdefault.jpg,0,python machine learning
kG2lAPBF7zA,Stanford CS231N | Spring 2025 | Lecture 7: Recurrent Neural Networks,https://i.ytimg.com/vi/kG2lAPBF7zA/hqdefault.jpg,0,python machine learning
bwjX1cppXD8,6 machine learning projects with source code 🧑‍💻 #shorts #coding #ai #ml #projects #ideas,https://i.ytimg.com/vi/bwjX1cppXD8/hqdefault.jpg,0,python machine learning
HUWSd-rWgos,Wie man einen Dummy Scaler in Machine Learning Pipelines verwendet,https://i.ytimg.com/vi/HUWSd-rWgos/hqdefault.jpg,0,python machine learning
hhGPiDrUe1c,AI &amp; ML Full Course 2026 | Complete Artificial Intelligence and Machine Learning Tutorial |  Edureka,https://i.ytimg.com/vi/hhGPiDrUe1c/hqdefault.jpg,0,python machine learning
_tEAUa4kV9M,Logistic Regression in Machine Learning,https://i.ytimg.com/vi/_tEAUa4kV9M/hqdefault.jpg,0,python machine learning
AEOcss20nDA,Hamiltonian Neural Networks (HNN) [Physics Informed Machine Learning],https://i.ytimg.com/vi/AEOcss20nDA/hqdefault.jpg,0,python machine learning
F6XZoMKimM0,Как се стига от сурови данни до Machine Learning модел? В Skillo IT Academy ще намериш решението,https://i.ytimg.com/vi/F6XZoMKimM0/hqdefault.jpg,0,python machine learning
9UBqkUJVP4g,Neural Network Python | How to make a Neural Network in Python | Python Tutorial | Edureka,https://i.ytimg.com/vi/9UBqkUJVP4g/hqdefault.jpg,1,python machine learning
x20Kk6G0QkU,"DIY Machine Learning, Deep Learning, &amp; AI projects",https://i.ytimg.com/vi/x20Kk6G0QkU/hqdefault.jpg,0,python machine learning
bNS-gILMxwo,ТРЕНД 2026: ГОВОРИ — ОН ЗАПОМНИТ 🧠✨ #plaudnote #тренды,https://i.ytimg.com/vi/bNS-gILMxwo/hqdefault.jpg,0,python machine learning
9RN2Wr8xvro,Neural Networks Explained from Scratch using Python,https://i.ytimg.com/vi/9RN2Wr8xvro/hqdefault.jpg,1,python machine learning
0YdpwSYMY6I,All Machine Learning Models Clearly Explained!,https://i.ytimg.com/vi/0YdpwSYMY6I/hqdefault.jpg,0,python machine learning
cO9xmfsJJu4,Complete Math for Machine Learning and AI,https://i.ytimg.com/vi/cO9xmfsJJu4/hqdefault.jpg,0,python machine learning
EYeF2e2IKEo,Introduction to Neural Networks with Example in HINDI | Artificial Intelligence,https://i.ytimg.com/vi/EYeF2e2IKEo/hqdefault.jpg,0,python machine learning
cAkMcPfY_Ns,I Built a Neural Network from Scratch,https://i.ytimg.com/vi/cAkMcPfY_Ns/hqdefault.jpg,0,python machine learning
1dOx3jkVDCU,Lesson 5: Neural Network (Explained for Kids),https://i.ytimg.com/vi/1dOx3jkVDCU/hqdefault.jpg,0,python machine learning
FzVkDDjaRAY,Machine Learning Interview Questions asked 90% of the time | Check the Description Perfect eLearning,https://i.ytimg.com/vi/FzVkDDjaRAY/hqdefault.jpg,0,python machine learning
6Q4U3bjLO4o,Day In Life as an AI Engineer,https://i.ytimg.com/vi/6Q4U3bjLO4o/hqdefault.jpg,0,python machine learning
buYZZQvTcLk,MPPSC PRE-2026 | Unit-9: ICT | Machine Learning (मशीन लर्निंग) AI &amp; Technology | Sandeep Sir,https://i.ytimg.com/vi/buYZZQvTcLk/hqdefault.jpg,0,python machine learning
uCGZ1DZfm2o,Architecture of Recurrent Neural Networks (RNN),https://i.ytimg.com/vi/uCGZ1DZfm2o/hqdefault.jpg,0,python machine learning
uF53xsT7mjc,Theoretical Foundations of Graph Neural Networks,https://i.ytimg.com/vi/uF53xsT7mjc/hqdefault.jpg,0,python machine learning
PdSDhdciSpE,Machine Learning on Arduino Uno was a Good Idea,https://i.ytimg.com/vi/PdSDhdciSpE/hqdefault.jpg,0,python machine learning
4RIogWlIhk0,Machine Learning Roadmap #machinelearning,https://i.ytimg.com/vi/4RIogWlIhk0/hqdefault.jpg,0,python machine learning
T3y8M4JN0B4,Печать Связанной Воли | 2 серия #гаррипоттер #драмиона #дракомалфой #нейросети #гермиона,https://i.ytimg.com/vi/T3y8M4JN0B4/hqdefault.jpg,0,python machine learning
dW2KEYUlQL4,Candidate Elimination algorithm problem | VTU Machine Learning | BCS602,https://i.ytimg.com/vi/dW2KEYUlQL4/hqdefault.jpg,0,python machine learning
7Es1ZWiMq0Y,Physics Informed Neural Networks (PINNs): Solving the Burgers Equation Step-by-Step Tutorial,https://i.ytimg.com/vi/7Es1ZWiMq0Y/hqdefault.jpg,0,python machine learning
awDWqhQfPbM,Neurons Explained: How Neural Networks Actually Learn,https://i.ytimg.com/vi/awDWqhQfPbM/hqdefault.jpg,0,python machine learning
rn8Yp6otAh8,Learn Machine Learning for FREE in Tamil | Ultimate Course for Beginners,https://i.ytimg.com/vi/rn8Yp6otAh8/hqdefault.jpg,0,python machine learning
2vQ1HTttvYI,ML NUMERICALS SUPER IMP 2025 VTU💯🤩 | BCS602 MACHINE LEARNING Model Paper Solns | 22 Scheme #vtu #cse,https://i.ytimg.com/vi/2vQ1HTttvYI/hqdefault.jpg,0,python machine learning
l3O2J3LMxqI,Neural Networks Are Elastic Origami! [Prof. Randall Balestriero],https://i.ytimg.com/vi/l3O2J3LMxqI/hqdefault.jpg,0,python machine learning
D3TcMNEkuaU,How Machines Learn Using Neural Networks  #ai #science #machinelearning #physics #datascience #maths,https://i.ytimg.com/vi/D3TcMNEkuaU/hqdefault.jpg,0,python machine learning
iql-dM36xoQ,What exactly is Generative Adversarial Network GAN? #ml #machinelearning #ai #neuralnetworks,https://i.ytimg.com/vi/iql-dM36xoQ/hqdefault.jpg,0,python machine learning
ss-I6WAiMFA,Python LAMBDA FUNCTION?! #python #programming #coding,https://i.ytimg.com/vi/ss-I6WAiMFA/hqdefault.jpg,1,python machine learning
JvMWxMU219A,Data Science Roadmap 2025 | Become a Data Scientist from Scratch! #datascienceinstitute #hadoop,https://i.ytimg.com/vi/JvMWxMU219A/hqdefault.jpg,0,python machine learning
hA3spbCBBF0,Machine Learning Full Course (2025) | Machine Learning Course For Beginners | Intellipaat,https://i.ytimg.com/vi/hA3spbCBBF0/hqdefault.jpg,0,python machine learning
Wo5dMEP_BbI,Neural Networks from Scratch - P.1 Intro and Neuron Code,https://i.ytimg.com/vi/Wo5dMEP_BbI/hqdefault.jpg,0,python machine learning
Ve744lQIGwE,Machine Learning vs. Deep Learning: What’s the Difference? (Explained in Seconds),https://i.ytimg.com/vi/Ve744lQIGwE/hqdefault.jpg,0,python machine learning
bzwIRaAR0Nc,Bayesian neural networks,https://i.ytimg.com/vi/bzwIRaAR0Nc/hqdefault.jpg,0,python machine learning
T4MLrtOKPjY,Complete Roadmap for Machine Learning | ML Roadmap for Beginners,https://i.ytimg.com/vi/T4MLrtOKPjY/hqdefault.jpg,0,python machine learning
N8svLoC2eNA,AI &amp; ML Full Course 2025 | Complete Artificial Intelligence and Machine Learning Tutorial |  Edureka,https://i.ytimg.com/vi/N8svLoC2eNA/hqdefault.jpg,0,python machine learning
xoDJKBvWFMU,How Neural Networks Learn: The Magic of Backpropagation,https://i.ytimg.com/vi/xoDJKBvWFMU/hqdefault.jpg,0,python machine learning
_O9a5xbBe-s,Q Learning Algorithm | Reinforcement learning | Machine Learning by Dr. Mahesh Huddar,https://i.ytimg.com/vi/_O9a5xbBe-s/hqdefault.jpg,0,python machine learning
VJCLwCtfyls,Machine Learning 101 | Part 01 | Abdullah Al Mamun | Meta | Bangla,https://i.ytimg.com/vi/VJCLwCtfyls/hqdefault.jpg,0,python machine learning
fQ376G-Ek1E,Neural Network Demo Animation,https://i.ytimg.com/vi/fQ376G-Ek1E/hqdefault.jpg,0,python machine learning
MIkFCr1jdt0,Understanding Neural Networks Unit 6🔥Class 12 Artificial Intelligence | CBSE Boards 2026 CODE - 843,https://i.ytimg.com/vi/MIkFCr1jdt0/hqdefault.jpg,0,python machine learning
9zzZZjYkLV4,"Operations in Convolutional Neural Networks | Convolution, Pooling and Fully Connected Layer",https://i.ytimg.com/vi/9zzZZjYkLV4/hqdefault.jpg,0,python machine learning
eLrtufRomh8,Understanding Model Predictions with SHAP - XGBoost vs Neural Networks (375),https://i.ytimg.com/vi/eLrtufRomh8/hqdefault.jpg,0,python machine learning
-FOH7LHehGc,Linear Regression with all Maths formulas explained in தமிழ் #machinelearning #datascience,https://i.ytimg.com/vi/-FOH7LHehGc/hqdefault.jpg,0,python machine learning
TkwXa7Cvfr8,Watching Neural Networks Learn,https://i.ytimg.com/vi/TkwXa7Cvfr8/hqdefault.jpg,0,python machine learning
SjfDbtB23vQ,Recurrent Neural Networks,https://i.ytimg.com/vi/SjfDbtB23vQ/hqdefault.jpg,0,python machine learning
QXMIY02ldfA,Zero to mastery (Machine Learning) 😎 #code #coding #tech #learntocode #datascience,https://i.ytimg.com/vi/QXMIY02ldfA/hqdefault.jpg,0,python machine learning
dgGyGY0p9jM,Feedforward Explained - Neural Networks From Scratch Part 1,https://i.ytimg.com/vi/dgGyGY0p9jM/hqdefault.jpg,0,python machine learning
LPZh9BOjkQs,Large Language Models explained briefly,https://i.ytimg.com/vi/LPZh9BOjkQs/hqdefault.jpg,0,python machine learning
s8U0KSjNfRg,Machine Learning Roadmap in 50 Seconds,https://i.ytimg.com/vi/s8U0KSjNfRg/hqdefault.jpg,0,python machine learning
hLb0yMP5DEk,19. #McCulloch Pitts neuron with solved ANDNOT example -Artificial Neural Networks,https://i.ytimg.com/vi/hLb0yMP5DEk/hqdefault.jpg,0,python machine learning
QNE4Xxdbma4,What is Self Attention in Transformer Neural Networks?,https://i.ytimg.com/vi/QNE4Xxdbma4/hqdefault.jpg,0,python machine learning
3QC3-rnlvxE,Machine Learning With Python Full Course 2026 | Python Machine Learning For Beginners | Simplilearn,https://i.ytimg.com/vi/3QC3-rnlvxE/hqdefault.jpg,1,python machine learning
mQJSpHc9P_I,🔥 MSBTE Sem 4 Maths for Machine Learning | AIML Students Must Watch 📚,https://i.ytimg.com/vi/mQJSpHc9P_I/hqdefault.jpg,0,python machine learning
-DSzmEDXTzc,"Machine Learning and Data Science: Video 4  Data Science Lecture 04 Data Preparation ML Ch 17,19",https://i.ytimg.com/vi/-DSzmEDXTzc/hqdefault.jpg,0,python machine learning
W-8j4MrsX2s,Amazing Flower Design using Python turtle 🐢 #python #coding #funny #viral #trending #design,https://i.ytimg.com/vi/W-8j4MrsX2s/hqdefault.jpg,0,python machine learning
5oDhKQ4tHbI,Machine Learning Full Course 2026 | Machine Learning Tutorial | Machine Learning Roadmap | Edureka,https://i.ytimg.com/vi/5oDhKQ4tHbI/hqdefault.jpg,0,python machine learning
E5RjzSK0fvY,Linear Regression Algorithm | Linear Regression in Python | Machine Learning Algorithm | Edureka,https://i.ytimg.com/vi/E5RjzSK0fvY/hqdefault.jpg,1,python machine learning
BIC2T1mQJok,what makes you an expert in AI?,https://i.ytimg.com/vi/BIC2T1mQJok/hqdefault.jpg,0,python machine learning
Ts0mSYJ1BrE,💵Machine Learning Engineer Salary | How Much Do Machine Learning Engineer Make | Intellipaat #Shorts,https://i.ytimg.com/vi/Ts0mSYJ1BrE/hqdefault.jpg,0,python machine learning
bfmFfD2RIcg,Neural Network In 5 Minutes | What Is A Neural Network? | How Neural Networks Work | Simplilearn,https://i.ytimg.com/vi/bfmFfD2RIcg/hqdefault.jpg,0,python machine learning
d02VkQ9MP44,"MIT 6.S191: Recurrent Neural Networks, Transformers, and Attention",https://i.ytimg.com/vi/d02VkQ9MP44/hqdefault_live.jpg,0,python machine learning
vStJoetOxJg,"#1 Machine Learning Specialization [Course 1, Week 1, Lesson 1]",https://i.ytimg.com/vi/vStJoetOxJg/hqdefault.jpg,0,python machine learning
BFtyCqRpk4U,Neural Networks explained in 60 seconds. #neuralnetworks #deeplearning #aiexplained,https://i.ytimg.com/vi/BFtyCqRpk4U/hqdefault.jpg,0,python machine learning
C9FnuVKceEE,Introduction to Neural Networks Part 1 -  مقدمة الى الشبكات العصبية,https://i.ytimg.com/vi/C9FnuVKceEE/hqdefault.jpg,0,python machine learning
m0fmBY4t5BI,Convolutional Neural Network (CNN) – explained simply,https://i.ytimg.com/vi/m0fmBY4t5BI/hqdefault.jpg,0,python machine learning
espQDESe07w,15 Machine Learning Lessons I Wish I Knew Earlier,https://i.ytimg.com/vi/espQDESe07w/hqdefault.jpg,0,python machine learning
Pp_m-_9g8O4,Build ML Model - In 1 Minute - Using No Code #NoCode #MachineLearning #shorts,https://i.ytimg.com/vi/Pp_m-_9g8O4/hqdefault.jpg,0,python machine learning
NDp7-dUnBrA,Spring AI #youtubeshorts #shorts #shortfeed #genai #llm,https://i.ytimg.com/vi/NDp7-dUnBrA/hqdefault.jpg,0,python machine learning
AM1FG0A8EDw,Это точно нужно знать ВСЕМ😳  #нейросети #нейросетидляработы #обзор,https://i.ytimg.com/vi/AM1FG0A8EDw/hqdefault.jpg,0,python machine learning
JkZAQaUFNfU,Machine Learning,https://i.ytimg.com/vi/JkZAQaUFNfU/hqdefault.jpg,0,python machine learning
eCwTQYcNG3o,"Recurrent Neural Networks (RNNs) | LSTMs, GRUs, BPTT",https://i.ytimg.com/vi/eCwTQYcNG3o/hqdefault.jpg,0,python machine learning
5SYkoUm4Sug,"Breaking Down Neural Networks: Weights , Biases and Activation  |  Core Concepts Explained",https://i.ytimg.com/vi/5SYkoUm4Sug/hqdefault.jpg,0,python machine learning
wP8JRN65p6U,What is a Neural Network? | STEM for kids,https://i.ytimg.com/vi/wP8JRN65p6U/hqdefault.jpg,1,ml maths without  coding
8SHDMVTkOQE,Sewing machine for beginners 💟 #sewingtipsandtricks #sewing #sewingmachine,https://i.ytimg.com/vi/8SHDMVTkOQE/hqdefault.jpg,0,ml maths without  coding
PSs6nxngL6k,"Attention for Neural Networks, Clearly Explained!!!",https://i.ytimg.com/vi/PSs6nxngL6k/hqdefault.jpg,1,ml
0FNkrjVIcuk,"Liquid Neural Networks, A New Idea That Allows AI To Learn Even After Training",https://i.ytimg.com/vi/0FNkrjVIcuk/hqdefault.jpg,1,ml
cka4Fa4TTI4,Introduction to graph neural networks (made easy!),https://i.ytimg.com/vi/cka4Fa4TTI4/hqdefault.jpg,1,ml
Rxpww_rau-8,Нейросети уже заменяют людей. Ты готов?,https://i.ytimg.com/vi/Rxpww_rau-8/hqdefault.jpg,0,ml
5oDhKQ4tHbI,Machine Learning Full Course 2026 | Machine Learning Tutorial | Machine Learning Roadmap | Edureka,https://i.ytimg.com/vi/5oDhKQ4tHbI/hqdefault.jpg,1,ml
KffYsBqrBVo,An Introduction to Physics-Informed Neural Networks,https://i.ytimg.com/vi/KffYsBqrBVo/hqdefault.jpg,1,ml
cWIeTMklzNg,Graph neural networks: Variations and applications,https://i.ytimg.com/vi/cWIeTMklzNg/hqdefault.jpg,0,ml
uDaypv0KP_M,"Machine Learning, Deep Learning, emerging, emerging technologies in global business environment, mba",https://i.ytimg.com/vi/uDaypv0KP_M/hqdefault.jpg,1,ml
KYnihfDsX0A,[뇌를 바꾸는 교수법] 학습자의 뇌 속에 &#39;지식의 신경망&#39;을 치는 비법 🕸️✨ | 암기 공장을 지성의 숲으로 바꾸는 3가지 연결 전략 #교수법 #뇌과학 #인지과학,https://i.ytimg.com/vi/KYnihfDsX0A/hqdefault.jpg,0,ml
Xv2W1J4H8gA,AI in 5 Minutes: Neural Networks + PyTorch Explained Simply,https://i.ytimg.com/vi/Xv2W1J4H8gA/hqdefault.jpg,1,ml
-e0DlmR0BgA,Unterschied erklärt: KI / Machine Learning / Deep Learning / Data Science,https://i.ytimg.com/vi/-e0DlmR0BgA/hqdefault.jpg,0,python animal
0FNkrjVIcuk,"Liquid Neural Networks, A New Idea That Allows AI To Learn Even After Training",https://i.ytimg.com/vi/0FNkrjVIcuk/hqdefault.jpg,0,python animal
dHBEQ-Ryo24,The Dangerous Illusion of AI Coding? - Jeremy Howard,https://i.ytimg.com/vi/dHBEQ-Ryo24/hqdefault.jpg,0,python animal
oOc-P50gXN4,AI Vs Machine Learning | What is the Difference between AI and Machine Learning |Simplilearn,https://i.ytimg.com/vi/oOc-P50gXN4/hqdefault.jpg,0,python animal
LKlOH8OLLcw,Lec-2: Supervised Learning Algorithms | Machine Learning,https://i.ytimg.com/vi/LKlOH8OLLcw/hqdefault.jpg,0,python animal
uCGZ1DZfm2o,Architecture of Recurrent Neural Networks (RNN),https://i.ytimg.com/vi/uCGZ1DZfm2o/hqdefault.jpg,0,python animal
E6AjYEQbWHA,GenpactHiring#viral#views#interview#hiring#learning#placement#tech#shortvideo#2025#associate#nontech,https://i.ytimg.com/vi/E6AjYEQbWHA/hqdefault.jpg,0,python animal
R9XoCwRhmXw,I built a neural network that trades stocks - Joshua Kyan Aalampour 10/24/2025,https://i.ytimg.com/vi/R9XoCwRhmXw/hqdefault.jpg,0,python animal
D746UYYpTK4,🤖Convolutional Neural Networks (CNNs) by #andrewtate and #donaldtrump,https://i.ytimg.com/vi/D746UYYpTK4/hqdefault.jpg,0,python animal
DeT-QYdVTKc,Weights in Neural Networks | What are Weights in ANN | Role of the Weights in Neural Networks,https://i.ytimg.com/vi/DeT-QYdVTKc/hqdefault.jpg,0,python animal
q5BhhRqGC58,Sanskrit&#39;s Shocking Link to Machine Learning | #Tarunbindlish #Shorts #machinelearning,https://i.ytimg.com/vi/q5BhhRqGC58/hqdefault.jpg,0,python animal
uyOMOIEIRMI,Genius Machine Learning Advice for 10 Minutes Straight,https://i.ytimg.com/vi/uyOMOIEIRMI/hqdefault.jpg,0,python animal
ca_tP61tR2c,ML unit5 in just 25 minutes| easy explanation| 100% PASS,https://i.ytimg.com/vi/ca_tP61tR2c/hqdefault.jpg,0,python animal
WAhLGfQ9Nj8,"Machine Learning Ep1 - Introduction AI, Machine Learning &amp; Supervised Learning  (Sinhala | සිංහල)",https://i.ytimg.com/vi/WAhLGfQ9Nj8/hqdefault.jpg,0,python animal
Nh7gYy7abgs,Website Development | New Website Launch | Neural Gen-AI Networks,https://i.ytimg.com/vi/Nh7gYy7abgs/hqdefault.jpg,0,python animal
92IGZx_biYw,Spiking Neural Networks in AI,https://i.ytimg.com/vi/92IGZx_biYw/hqdefault.jpg,0,python animal
AB-5PVV0rnY,Introduction To Machine Learning -  Week 11 Answers Solution 2026 (April) | NPTEL | SWAYAM 2026,https://i.ytimg.com/vi/AB-5PVV0rnY/hqdefault.jpg,0,python animal
GvezxUdLrEk,"MIT 6.S191: Recurrent Neural Networks, Transformers, and Attention",https://i.ytimg.com/vi/GvezxUdLrEk/hqdefault.jpg,0,python animal
AtCTU5NcIVU,AI vs Machine Learning: What&#39;s the difference?,https://i.ytimg.com/vi/AtCTU5NcIVU/hqdefault.jpg,0,python animal
FzVkDDjaRAY,Machine Learning Interview Questions asked 90% of the time | Check the Description Perfect eLearning,https://i.ytimg.com/vi/FzVkDDjaRAY/hqdefault.jpg,0,python animal
FRleXiibQe8,Gauss Elimination problem | VTU Machine Learning | BCS602,https://i.ytimg.com/vi/FRleXiibQe8/hqdefault.jpg,0,python animal
MIkFCr1jdt0,Understanding Neural Networks Unit 6🔥Class 12 Artificial Intelligence | CBSE Boards 2026 CODE - 843,https://i.ytimg.com/vi/MIkFCr1jdt0/hqdefault.jpg,0,python animal
Dbcx2_MO0LM,How Does a Neural Network Work in 60 seconds? The BRAIN of an AI,https://i.ytimg.com/vi/Dbcx2_MO0LM/hqdefault.jpg,0,python animal
QfV72AI-KFc,Rust Neural Network Tutorial | Build a Scam Detection AI From Scratch,https://i.ytimg.com/vi/QfV72AI-KFc/hqdefault.jpg,0,python animal
k4sG6QhW8BU,2.5 | Deep Learning | Convolutional Neural Networks (CNN) | KCS-078 | AKTU &amp; Other Universities,https://i.ytimg.com/vi/k4sG6QhW8BU/hqdefault.jpg,0,python animal
9jc9LZO-jZ8,Reinforced Learning Neural Networks AI Trading MNQ Futures..LIVE,https://i.ytimg.com/vi/9jc9LZO-jZ8/hqdefault_live.jpg,0,python animal
GLajwpGV630,Machine Learning Engineering Jobs Ask For THIS SKILL,https://i.ytimg.com/vi/GLajwpGV630/hqdefault.jpg,0,python animal
NLBXgSmRBgU,How I Develop Trading Strategies | Permutation Tests and Trading Strategy Development with Python,https://i.ytimg.com/vi/NLBXgSmRBgU/hqdefault.jpg,0,python animal
YEzm3RlmPR8,What is Mutli-Head Attention in Transformer Neural Networks?,https://i.ytimg.com/vi/YEzm3RlmPR8/hqdefault.jpg,0,python animal
44X9Mam8foQ,Liquid Neural Networks,https://i.ytimg.com/vi/44X9Mam8foQ/hqdefault.jpg,0,python animal
BZTVN0VtkGo,Machine Learning Algorithms Explained: Part 1 – What Are They? 🤖🚀,https://i.ytimg.com/vi/BZTVN0VtkGo/hqdefault.jpg,0,python animal
vb5-LCh8tOI,"ПЛОХИЕ, ХОРОШИЕ И ОТЛИЧНЫЕ AI СЕРВИСЫ ЧАСТЬ 2",https://i.ytimg.com/vi/vb5-LCh8tOI/hqdefault.jpg,0,python animal
V5bulkUiKeE,Difference between machine learning and Deep learning #machinelearning #deeplearning #programming,https://i.ytimg.com/vi/V5bulkUiKeE/hqdefault.jpg,0,python habitat
HJMOOHf--hs,Нейросети развиваются с нереальной скоростью,https://i.ytimg.com/vi/HJMOOHf--hs/hqdefault.jpg,0,python habitat
9mf4tj8TR4o,Code your First Neural Network Model using TensorFlow - Beginner Friendly Explanation!,https://i.ytimg.com/vi/9mf4tj8TR4o/hqdefault.jpg,0,python habitat
2bP_KuBrXSc,Equivariant Neural Networks | Part 1/3 - Introduction,https://i.ytimg.com/vi/2bP_KuBrXSc/hqdefault.jpg,0,python habitat
Eh9KPKaRiYA,Principal Component Analysis in Machine Learning simple and easy explanation By Peter Griffin.  #pca,https://i.ytimg.com/vi/Eh9KPKaRiYA/hqdefault.jpg,0,python habitat
m-NE3WyfJtM,"Unit 1:  1.1 Basics of Machine Learning, Traditional vs ML Approach | MSBTE K-Scheme TY | 316316 |",https://i.ytimg.com/vi/m-NE3WyfJtM/hqdefault.jpg,0,python habitat
Ip1a2JHdt3E,KÜNSTLICHE INTELLIGENZ vs. MACHINE LEARNING vs. DEEP LEARNING,https://i.ytimg.com/vi/Ip1a2JHdt3E/hqdefault.jpg,0,python habitat
ORK_e_x1E1c,Machine Learning Roadmap🚀 By Neeraj Walia,https://i.ytimg.com/vi/ORK_e_x1E1c/hqdefault.jpg,0,python habitat
sbmPMtQkjxY,Machine Learning Full Course #education #ai #ml #python #dataanalysis #datascience,https://i.ytimg.com/vi/sbmPMtQkjxY/hqdefault.jpg,0,python habitat
BqzgUnrNhFM,Machine Learning-Bias And Variance In Depth Intuition| Overfitting Underfitting,https://i.ytimg.com/vi/BqzgUnrNhFM/hqdefault.jpg,0,python habitat
_O9a5xbBe-s,Q Learning Algorithm | Reinforcement learning | Machine Learning by Dr. Mahesh Huddar,https://i.ytimg.com/vi/_O9a5xbBe-s/hqdefault.jpg,0,python habitat
raT2ECrvbag,Neural Tangent Kernel: Convergence and Generalization in Neural Networks,https://i.ytimg.com/vi/raT2ECrvbag/hqdefault.jpg,0,python habitat
ngiICHD5dVc,Machine Learning: Teach by Doing Lecture 1,https://i.ytimg.com/vi/ngiICHD5dVc/hqdefault.jpg,0,python habitat
pUXwFTiOerc,Can we map neural network weights to physical parameters?,https://i.ytimg.com/vi/pUXwFTiOerc/hqdefault.jpg,0,python habitat
d02VkQ9MP44,"MIT 6.S191: Recurrent Neural Networks, Transformers, and Attention",https://i.ytimg.com/vi/d02VkQ9MP44/hqdefault_live.jpg,0,python habitat
Yk_qIRmmGgo,ML MODULE 1 BCS602 | MACHINE LEARNING | 22 Scheme VTU 6th SEM CSE,https://i.ytimg.com/vi/Yk_qIRmmGgo/hqdefault.jpg,0,python habitat
e62CBva4TYc,Why Deep Neural Networks (DNNs) Underperform Tree-Based Models on Tabular Data,https://i.ytimg.com/vi/e62CBva4TYc/hqdefault.jpg,0,programming
7eh4d6sabA0,Python Machine Learning Tutorial (Data Science),https://i.ytimg.com/vi/7eh4d6sabA0/hqdefault.jpg,1,programming
RigD1anWdAQ,biscuit packaging machine | machine learning| packaging machine| electrical engineering,https://i.ytimg.com/vi/RigD1anWdAQ/hqdefault.jpg,0,programming
4Qj5y0Vtdds,I Created a New Kind of AI with No Neural Nets,https://i.ytimg.com/vi/4Qj5y0Vtdds/hqdefault.jpg,0,programming
1fcfZ_Ne8ok,Machine Learning with Python Full Course [2026] | Machine Learning - Beginner to Advanced | Edureka,https://i.ytimg.com/vi/1fcfZ_Ne8ok/hqdefault.jpg,1,programming
8SHDMVTkOQE,Sewing machine for beginners 💟 #sewingtipsandtricks #sewing #sewingmachine,https://i.ytimg.com/vi/8SHDMVTkOQE/hqdefault.jpg,0,programming
qiehn7hfxYo,Machine Learning for Beginners | How AI Actually Learns,https://i.ytimg.com/vi/qiehn7hfxYo/hqdefault.jpg,0,programming
e5xKayCBOeU,How Neural Networks Learn Concepts,https://i.ytimg.com/vi/e5xKayCBOeU/hqdefault.jpg,0,programming
QiVCYGMmxKY,Astro Bot - Machine Learning - 100% Walkthrough (All Bots &amp; Puzzle Pieces),https://i.ytimg.com/vi/QiVCYGMmxKY/hqdefault.jpg,0,programming
UFAHXZW2hU8,"Part 4 - Model Tuning, Ensemble &amp; Unsupervised Learning | Full ML Course | Sheryians AI School",https://i.ytimg.com/vi/UFAHXZW2hU8/hqdefault.jpg,0,programming
iUCanmNPa0Q,What is Machine Learning? | Easy Explanation for Beginners 🤖📊,https://i.ytimg.com/vi/iUCanmNPa0Q/hqdefault.jpg,0,programming
ZlmnCZCcTAY,Learn Machine Learning Full Course 2026 Free | Intellipaat,https://i.ytimg.com/vi/ZlmnCZCcTAY/hqdefault.jpg,0,programming
W-8j4MrsX2s,Amazing Flower Design using Python turtle 🐢 #python #coding #funny #viral #trending #design,https://i.ytimg.com/vi/W-8j4MrsX2s/hqdefault.jpg,0,programming
zW9o8q2fXfM,Is Learning to Code Still Worth It in 2026?,https://i.ytimg.com/vi/zW9o8q2fXfM/hqdefault.jpg,1,programming
q6kJ71tEYqM,Machine Learning vs Deep Learning,https://i.ytimg.com/vi/q6kJ71tEYqM/hqdefault.jpg,0,programming
ZftI2fEz0Fw,What is Machine Learning? | 100 Days of Machine Learning,https://i.ytimg.com/vi/ZftI2fEz0Fw/hqdefault.jpg,0,programming
EehRcPo1M-Q,Regularization in a Neural Network | Dealing with overfitting,https://i.ytimg.com/vi/EehRcPo1M-Q/hqdefault.jpg,0,programming
oGpzWAlP5p0,MIT 6.S191: Convolutional Neural Networks,https://i.ytimg.com/vi/oGpzWAlP5p0/hqdefault.jpg,0,programming
Rq5gJVxz55Q,Python Full Course for Beginners (13 Hours) – From Zero to Hero,https://i.ytimg.com/vi/Rq5gJVxz55Q/hqdefault.jpg,1,programming
N2ECSt2LsRg,NPTEL Introduction to Machine Learning Week 12 Assignment 12 Answers 2026 (Accurate Answers)#ml,https://i.ytimg.com/vi/N2ECSt2LsRg/hqdefault.jpg,0,programming
F6DoP_uaJhU,What is Machine Learning? | AI Basics Explained | Day 2 – 30 Days 30 Classes,https://i.ytimg.com/vi/F6DoP_uaJhU/hqdefault.jpg,0,programming
TBHEOsA8SZA,Why do some Machine Learning models fail even after training on lots of data? 🤔,https://i.ytimg.com/vi/TBHEOsA8SZA/hqdefault.jpg,0,programming
oKQBk32FWA0,How to Built ML model | Machine Learning Training in chennai | Credo Systemz #shorts #careergrowth,https://i.ytimg.com/vi/oKQBk32FWA0/hqdefault.jpg,0,programming
dL1rCP0B5Cc,Unit-6: Understanding Neural Networks  || CLASS-12 || AI 843 | CBSE 2025-26 || Part-2||,https://i.ytimg.com/vi/dL1rCP0B5Cc/hqdefault.jpg,0,programming
ygXn5nV5qFc,Python for AI - Full Beginner Course,https://i.ytimg.com/vi/ygXn5nV5qFc/hqdefault.jpg,1,programming
rF9Ctdd_yBw,Physics-informed machine learning of cloud microphysical processes,https://i.ytimg.com/vi/rF9Ctdd_yBw/hqdefault.jpg,0,programming
PSs6nxngL6k,"Attention for Neural Networks, Clearly Explained!!!",https://i.ytimg.com/vi/PSs6nxngL6k/hqdefault.jpg,0,programming
_ZQ-lQrK9Rg,Time Series Forecasting with Machine Learning,https://i.ytimg.com/vi/_ZQ-lQrK9Rg/hqdefault.jpg,0,programming
MIkFCr1jdt0,Understanding Neural Networks Unit 6🔥Class 12 Artificial Intelligence | CBSE Boards 2026 CODE - 843,https://i.ytimg.com/vi/MIkFCr1jdt0/hqdefault.jpg,0,programming
cgos-zJo4tQ,Forward Propagation and backpropagation in a neural network!,https://i.ytimg.com/vi/cgos-zJo4tQ/hqdefault.jpg,0,programming
99KPe5hIfnE,Choosing an AI Career in 2026? Understand Every AI Role Before You Start | CampusX,https://i.ytimg.com/vi/99KPe5hIfnE/hqdefault.jpg,0,programming
20g0DnJWI3Q,Why neural networks use activation functions.,https://i.ytimg.com/vi/20g0DnJWI3Q/hqdefault.jpg,0,programming
0BzkajCouQs,How Neural Networks Actually Learn: Backpropagation Explained #machinelearning #neuralnetworks #ai,https://i.ytimg.com/vi/0BzkajCouQs/hqdefault.jpg,0,programming
nzSu2UgsNh8,Neural networks explained in tamil | Machine with Brain #mwb #neuralnetworks,https://i.ytimg.com/vi/nzSu2UgsNh8/hqdefault.jpg,0,programming
QCPJ0VdpM00,Linear Algebra for Machine Learning,https://i.ytimg.com/vi/QCPJ0VdpM00/hqdefault.jpg,0,programming
c0MNpou4zOA,How to create a virus using python🦠,https://i.ytimg.com/vi/c0MNpou4zOA/hqdefault.jpg,0,programming
aFnHYEv71U4,An Introduction to Graph Neural Networks,https://i.ytimg.com/vi/aFnHYEv71U4/hqdefault.jpg,0,learning
VT5lJeHy4wk,Ingeniero de Datos sin formación médica usó ChatGPT para crear vacuna personalizada vs cáncer canino,https://i.ytimg.com/vi/VT5lJeHy4wk/hqdefault.jpg,0,learning
Dbcx2_MO0LM,How Does a Neural Network Work in 60 seconds? The BRAIN of an AI,https://i.ytimg.com/vi/Dbcx2_MO0LM/hqdefault.jpg,0,learning
ZMLi3cjTC_Y,Нейросети шутят,https://i.ytimg.com/vi/ZMLi3cjTC_Y/hqdefault.jpg,0,learning
fzlwYNJ_y_c,Machine Learning || Introduction to Neural Networks,https://i.ytimg.com/vi/fzlwYNJ_y_c/hqdefault.jpg,0,learning basics
DChsh54IqEI,Why First-Time Success Is Overrated (Explained Through Machine Learning),https://i.ytimg.com/vi/DChsh54IqEI/hqdefault.jpg,0,learning basics
aircAruvnKk,But what is a neural network? | Deep learning chapter 1,https://i.ytimg.com/vi/aircAruvnKk/hqdefault.jpg,0,learning basics
8aMzR8iaB9s,AZ-900 Episode 16 | Azure Artificial Intelligence (AI) Services | Machine Learning Studio &amp; Service,https://i.ytimg.com/vi/8aMzR8iaB9s/hqdefault.jpg,0,learning basics
dQPGnT7oGxw,Machine Learning Algorithms can be Represented as Decision Trees Paper​ | Machine Learning Algorithm,https://i.ytimg.com/vi/dQPGnT7oGxw/hqdefault.jpg,0,learning basics
MIkFCr1jdt0,Understanding Neural Networks Unit 6🔥Class 12 Artificial Intelligence | CBSE Boards 2026 CODE - 843,https://i.ytimg.com/vi/MIkFCr1jdt0/hqdefault.jpg,0,learning basics
wqPt3qjB6uA,Understanding Backpropagation In Neural Networks with Basic Calculus,https://i.ytimg.com/vi/wqPt3qjB6uA/hqdefault.jpg,1,learning basics
RQYvcudEXdY,Backpropagation Explained: How Neural Nets Learn!,https://i.ytimg.com/vi/RQYvcudEXdY/hqdefault.jpg,0,learning basics
Tq2HBvDou2I,The Ultimate Guide To Hostile Neural Networks / Deep Mob Learning,https://i.ytimg.com/vi/Tq2HBvDou2I/hqdefault.jpg,0,learning basics
HN2vSUgzPyE,Deep Learning Vs Machine Learning #shorts #ai #ml #machinelearning #deeplearning #computerscience,https://i.ytimg.com/vi/HN2vSUgzPyE/hqdefault.jpg,0,learning basics
ORMx45xqWkA,PyTorch in 100 Seconds,https://i.ytimg.com/vi/ORMx45xqWkA/hqdefault.jpg,0,learning basics
EuBBz3bI-aA,Machine Learning Fundamentals: Bias and Variance,https://i.ytimg.com/vi/EuBBz3bI-aA/hqdefault.jpg,1,learning basics
OOO_x3Oh2nE,I Tried 39 AI Engineering Courses: Here Are the BEST 5,https://i.ytimg.com/vi/OOO_x3Oh2nE/hqdefault.jpg,0,learning basics
R2qgb9fDl50,Human Learning Vs. Artificial Neural Network Learning | Inner Cosmos with David Eagleman #shorts,https://i.ytimg.com/vi/R2qgb9fDl50/hqdefault.jpg,0,learning basics
hA3spbCBBF0,Machine Learning Full Course (2025) | Machine Learning Course For Beginners | Intellipaat,https://i.ytimg.com/vi/hA3spbCBBF0/hqdefault.jpg,1,learning basics
BZTVN0VtkGo,Machine Learning Algorithms Explained: Part 1 – What Are They? 🤖🚀,https://i.ytimg.com/vi/BZTVN0VtkGo/hqdefault.jpg,0,learning basics
h2KD4kiCRAc,Beginner Programming Project Tier List 👩‍💻 #software #programming #technology #code,https://i.ytimg.com/vi/h2KD4kiCRAc/hqdefault.jpg,0,algorithm
f5AvEIcS_V8,This is How AI Learns 🤖 Machine Learning Explained Fast &amp; Easy #shorts #mlbasics #python  #coding,https://i.ytimg.com/vi/f5AvEIcS_V8/hqdefault.jpg,0,algorithm
wqPt3qjB6uA,Understanding Backpropagation In Neural Networks with Basic Calculus,https://i.ytimg.com/vi/wqPt3qjB6uA/hqdefault.jpg,0,algorithm
QlbyGPVaRSE,22 Machine Learning Projects That Will Make You A God At Data Science,https://i.ytimg.com/vi/QlbyGPVaRSE/hqdefault.jpg,0,algorithm
eaMDDseIL7E,How to create graphics using Python turtle 🐍🐢 #coding,https://i.ytimg.com/vi/eaMDDseIL7E/hqdefault.jpg,0,algorithm
PM8udzOFPEM,JAK PRZYGOTOWAĆ DANE DO UCZENIA MASZYNOWEGO? 📊 MACHINE LEARNING W PRAKTYCE,https://i.ytimg.com/vi/PM8udzOFPEM/hqdefault.jpg,0,algorithm
pTw69oAwoj8,1D Convolutional Neural Network | 1 D CNN | 1d CNN vs 2d CNN,https://i.ytimg.com/vi/pTw69oAwoj8/hqdefault.jpg,0,algorithm
BqzgUnrNhFM,Machine Learning-Bias And Variance In Depth Intuition| Overfitting Underfitting,https://i.ytimg.com/vi/BqzgUnrNhFM/hqdefault.jpg,0,algorithm
Qe_wjo5QJ80,Roadmap to become Machine Learning Engineer in 2025!!! #ai #machinelearning #aiml #developer,https://i.ytimg.com/vi/Qe_wjo5QJ80/hqdefault.jpg,0,networking
vpOLiDyhNUA,What is a Neural Network | Neural Networks Explained in 7 Minutes | Edureka,https://i.ytimg.com/vi/vpOLiDyhNUA/hqdefault.jpg,0,networking
iUCanmNPa0Q,What is Machine Learning? | Easy Explanation for Beginners 🤖📊,https://i.ytimg.com/vi/iUCanmNPa0Q/hqdefault.jpg,0,networking
QiVCYGMmxKY,Astro Bot - Machine Learning - 100% Walkthrough (All Bots &amp; Puzzle Pieces),https://i.ytimg.com/vi/QiVCYGMmxKY/hqdefault.jpg,0,networking
O-bKsDlqspw,The #1 Machine Learning Course for Complete Beginners | Start Your AI Journey,https://i.ytimg.com/vi/O-bKsDlqspw/hqdefault.jpg,0,networking
4ac1Kh30Ppo,Using Evolution and Neural Networks to optimize Sailboat Races,https://i.ytimg.com/vi/4ac1Kh30Ppo/hqdefault.jpg,0,networking
z18nw4adsx4,10 ML algorithms in 45 minutes | machine learning algorithms for data science | machine learning,https://i.ytimg.com/vi/z18nw4adsx4/hqdefault.jpg,0,networking
zxQyTK8quyY,"Transformer Neural Networks, ChatGPT&#39;s foundation, Clearly Explained!!!",https://i.ytimg.com/vi/zxQyTK8quyY/hqdefault.jpg,0,networking
AXXnSzmpyoI,Learning Physics Informed Machine Learning Part 1- Physics Informed Neural Networks (PINNs),https://i.ytimg.com/vi/AXXnSzmpyoI/hqdefault.jpg,0,networking
uWEIaF0PNGg,Python OPTIMIZATION Trick!!  #python #programming #coding,https://i.ytimg.com/vi/uWEIaF0PNGg/hqdefault.jpg,0,networking
kQl45ophSVQ,Neural Networks explained in 60 seconds!,https://i.ytimg.com/vi/kQl45ophSVQ/hqdefault.jpg,0,networking
0B5eIE_1vpU,Scikit-learn Crash Course - Machine Learning Library for Python,https://i.ytimg.com/vi/0B5eIE_1vpU/hqdefault.jpg,0,networking
YEzm3RlmPR8,What is Mutli-Head Attention in Transformer Neural Networks?,https://i.ytimg.com/vi/YEzm3RlmPR8/hqdefault.jpg,0,networking
RmajweUFKvM,Decision Tree In Machine Learning | Decision Tree Algorithm In Python |Machine Learning |Simplilearn,https://i.ytimg.com/vi/RmajweUFKvM/hqdefault.jpg,0,networking
3sim8jgkpTU,Functions in Python Explained!,https://i.ytimg.com/vi/3sim8jgkpTU/hqdefault.jpg,0,networking
rzMs-wKQU_U,Understanding int8 neural network quantization,https://i.ytimg.com/vi/rzMs-wKQU_U/hqdefault.jpg,0,networking
YwoKZbpgMFA,What is Neural Networks: The AI revolution #ai  #NN,https://i.ytimg.com/vi/YwoKZbpgMFA/hqdefault.jpg,0,networking
ar4bhD5Y910,Here Is How Neural Network Work... | #neuralnetworks #chatgpt #usa #newyork #physics #demo #science,https://i.ytimg.com/vi/ar4bhD5Y910/hqdefault.jpg,1,neural network
kS74G8mDNXw,Understand Graph Neural Networks in 60 sec ! #ai #machinelearning #deeplearning #programming #data,https://i.ytimg.com/vi/kS74G8mDNXw/hqdefault.jpg,1,what is neural network
adhgNQmPXZU,Machine Learning (தமிழில்) in 25 Minutes:  Absolute Beginner Crash Course,https://i.ytimg.com/vi/adhgNQmPXZU/hqdefault.jpg,0,what is neural network
eM4uJ6XGnSM,Random Forest Algorithm - Random Forest Explained | Random Forest in Machine Learning | Simplilearn,https://i.ytimg.com/vi/eM4uJ6XGnSM/hqdefault.jpg,0,what is neural network
tIeHLnjs5U8,Backpropagation calculus | Deep Learning Chapter 4,https://i.ytimg.com/vi/tIeHLnjs5U8/hqdefault.jpg,0,what is neural network
T0kGJvoQuRk,LLMs Explained in 87 Seconds 🚀 #ai #science #machinelearning #physics #datascience #maths #learnai,https://i.ytimg.com/vi/T0kGJvoQuRk/hqdefault.jpg,0,machine learning with python
wqPt3qjB6uA,Understanding Backpropagation In Neural Networks with Basic Calculus,https://i.ytimg.com/vi/wqPt3qjB6uA/hqdefault.jpg,0,machine learning with python
KDNE1kY0ztc,2.7 | Deep Learning | Deep Vs Shallow Neural Networks | KCS-078 | AKTU &amp; Other Universities,https://i.ytimg.com/vi/KDNE1kY0ztc/hqdefault.jpg,0,machine learning with python
QM0sYbEQSkM,Machine Learning Crash Course: Classification,https://i.ytimg.com/vi/QM0sYbEQSkM/hqdefault.jpg,0,machine learning with python
IUQEdoIhkOk,Understanding Neural Networks | Class 12 AI 843 | UNIT 6 Artificial Intelligence | One Shot 2025-26,https://i.ytimg.com/vi/IUQEdoIhkOk/hqdefault.jpg,0,machine learning with python
YGILT182T6w,Convolutional Neural Networks (CNNs) - Explained,https://i.ytimg.com/vi/YGILT182T6w/hqdefault.jpg,0,machine learning with python
-DSzmEDXTzc,"Machine Learning and Data Science: Video 4  Data Science Lecture 04 Data Preparation ML Ch 17,19",https://i.ytimg.com/vi/-DSzmEDXTzc/hqdefault.jpg,0,machine learning with python
7eh4d6sabA0,Python Machine Learning Tutorial (Data Science),https://i.ytimg.com/vi/7eh4d6sabA0/hqdefault.jpg,1,machine learning with python
ToltLVSHih4,"What are Machine Learning, Deep Learning, and Neural Networks? | AI PC Series",https://i.ytimg.com/vi/ToltLVSHih4/hqdefault.jpg,0,machine learning with python
0YdpwSYMY6I,All Machine Learning Models Clearly Explained!,https://i.ytimg.com/vi/0YdpwSYMY6I/hqdefault.jpg,0,machine learning with python
ss-I6WAiMFA,Python LAMBDA FUNCTION?! #python #programming #coding,https://i.ytimg.com/vi/ss-I6WAiMFA/hqdefault.jpg,1,machine learning with python
alfdI7S6wCY,MIT Introduction to Deep Learning (2025) | 6.S191,https://i.ytimg.com/vi/alfdI7S6wCY/hqdefault.jpg,0,machine learning with python
9PLoxEzM0tQ,Automated Neural Networks Algorithmic Trading Predictions #shorts,https://i.ytimg.com/vi/9PLoxEzM0tQ/hqdefault.jpg,0,machine learning with python
4Bdc55j80l8,Illustrated Guide to Transformers Neural Network: A step by step explanation,https://i.ytimg.com/vi/4Bdc55j80l8/hqdefault.jpg,0,machine learning with python
tiplN2Qc_ws,Ai &amp; ML Roadmap | FREE 😲,https://i.ytimg.com/vi/tiplN2Qc_ws/hqdefault.jpg,0,machine learning with python
tMrbN67U9d4,Neural Networks from Scratch - P.3 The Dot Product,https://i.ytimg.com/vi/tMrbN67U9d4/hqdefault.jpg,0,machine learning with python
NDp7-dUnBrA,Spring AI #youtubeshorts #shorts #shortfeed #genai #llm,https://i.ytimg.com/vi/NDp7-dUnBrA/hqdefault.jpg,0,dot product
mDYw_-p_Ht0,AI vs Human Brain - Neural Networks Explained #artificialintelligence,https://i.ytimg.com/vi/mDYw_-p_Ht0/hqdefault.jpg,0,dot product
LYCOGXKxxw4,What is Machine Learning? | Easy Explanation in 30 seconds for beginner 🤖📊 #education,https://i.ytimg.com/vi/LYCOGXKxxw4/hqdefault.jpg,0,dot product
q2-pnQffZik,Learn Python for FREE in 2025,https://i.ytimg.com/vi/q2-pnQffZik/hqdefault.jpg,0,dot product
jGCvY4gNnA8,What Do Neural Networks Really Learn? Exploring the Brain of an AI Model,https://i.ytimg.com/vi/jGCvY4gNnA8/hqdefault.jpg,0,dot product
xoaMZJcd28M,ETH Zürich AISE 2025: Lecture 3 Physics-Informed Neural Networks – Introduction,https://i.ytimg.com/vi/xoaMZJcd28M/hqdefault.jpg,0,dot product
Gafjk7_w1i8,The Power of Recurrent Neural Networks (RNN),https://i.ytimg.com/vi/Gafjk7_w1i8/hqdefault.jpg,1,dot product
mntQcINLmoA,Deep Learning | Artificial Neural Network | Sinhala,https://i.ytimg.com/vi/mntQcINLmoA/hqdefault.jpg,1,dot product
vVhD2EyS41Y,What are Tensors | Tensor In-depth Explanation | Tensor in Machine Learning,https://i.ytimg.com/vi/vVhD2EyS41Y/hqdefault.jpg,1,dot product
ZJixNvx9BAc,Machine Learning: Living in the Age of AI | A WIRED Film,https://i.ytimg.com/vi/ZJixNvx9BAc/hqdefault.jpg,0,dot product
0B5eIE_1vpU,Scikit-learn Crash Course - Machine Learning Library for Python,https://i.ytimg.com/vi/0B5eIE_1vpU/hqdefault.jpg,1,dot product
kV7HAIoXmu4,Chi square problem | VTU Machine Learning | BCS602,https://i.ytimg.com/vi/kV7HAIoXmu4/hqdefault.jpg,0,dot product
Dw3BZ6O_8LY,Training an unbeatable AI in Trackmania,https://i.ytimg.com/vi/Dw3BZ6O_8LY/hqdefault.jpg,0,dot product
aGMsvXz8CYY,You can AUTOMATE machine learning with this package,https://i.ytimg.com/vi/aGMsvXz8CYY/hqdefault.jpg,0,dot product
s8U0KSjNfRg,Machine Learning Roadmap in 50 Seconds,https://i.ytimg.com/vi/s8U0KSjNfRg/hqdefault.jpg,0,dot product
cw38aJuQBHM,Attention Neural Networks: Boosting CNNs with SE and CBAM Attention,https://i.ytimg.com/vi/cw38aJuQBHM/hqdefault.jpg,1,what is neural network
ma6RXSDwmhQ,Lec-33: Neural Networks Explained: How AI Mimics the Human Brain to Master Learning,https://i.ytimg.com/vi/ma6RXSDwmhQ/hqdefault.jpg,1,what is neural network
zr_hzOg0UIM,Neural Network From Scratch (NNFS): A 140-minute lecture | Intuition + Mathematical foundation,https://i.ytimg.com/vi/zr_hzOg0UIM/hqdefault.jpg,1,what is neural network
mbyG85GZ0PI,Lecture 01 - The Learning Problem,https://i.ytimg.com/vi/mbyG85GZ0PI/hqdefault.jpg,0,machine learning programming language
yKeNBjo_lJU,How I&#39;d Learn ML in 2026 (If I Could Start Over),https://i.ytimg.com/vi/yKeNBjo_lJU/hqdefault.jpg,1,machine learning programming language
KLYfwigQPuY,"Train a Convolutional Neural Network from Scratch: PyTorch, Next.js, React, Tailwind, Python (2025)",https://i.ytimg.com/vi/KLYfwigQPuY/hqdefault.jpg,1,machine learning programming language
N9NXsvY8RZ0,Struggling With Machine Learning? Watch This First #machinelearning,https://i.ytimg.com/vi/N9NXsvY8RZ0/hqdefault.jpg,1,machine learning programming language
Au1OxVSyGas,Machine Learning Explained Simply (In 12 Minutes),https://i.ytimg.com/vi/Au1OxVSyGas/hqdefault.jpg,0,machine learning programming language
